-- phpMyAdmin SQL Dump
-- version 4.7.4
-- https://www.phpmyadmin.net/
--
-- Hôte : 127.0.0.1:3306
-- Généré le :  lun. 19 mars 2018 à 20:57
-- Version du serveur :  5.7.19
-- Version de PHP :  5.6.31

SET SQL_MODE = "NO_AUTO_VALUE_ON_ZERO";
SET AUTOCOMMIT = 0;
START TRANSACTION;
SET time_zone = "+00:00";


/*!40101 SET @OLD_CHARACTER_SET_CLIENT=@@CHARACTER_SET_CLIENT */;
/*!40101 SET @OLD_CHARACTER_SET_RESULTS=@@CHARACTER_SET_RESULTS */;
/*!40101 SET @OLD_COLLATION_CONNECTION=@@COLLATION_CONNECTION */;
/*!40101 SET NAMES utf8mb4 */;

--
-- Base de données :  `pickliqapp`
--

-- --------------------------------------------------------

--
-- Structure de la table `about`
--

DROP TABLE IF EXISTS `about`;
CREATE TABLE IF NOT EXISTS `about` (
  `about_id` int(11) NOT NULL AUTO_INCREMENT,
  `about` varchar(1000) DEFAULT NULL,
  PRIMARY KEY (`about_id`)
) ENGINE=MyISAM AUTO_INCREMENT=2 DEFAULT CHARSET=latin1;

--
-- Déchargement des données de la table `about`
--

INSERT INTO `about` (`about_id`, `about`) VALUES
(1, 'PickLiq find the closest beer, liquor, wine stores,bar & pub.\r\nIndia\'s #1 alcohol searching app. Get turn-by-turn directions of liquor stores.\r\nPickLiq is the only alcohol-related app you need and it\'s completely free! We have over one hundred shops in our app. Once you know what you want, use our liquor store search technology to find the closest great liquor store.');

-- --------------------------------------------------------

--
-- Structure de la table `alcohol`
--

DROP TABLE IF EXISTS `alcohol`;
CREATE TABLE IF NOT EXISTS `alcohol` (
  `alcohol_id` int(11) NOT NULL AUTO_INCREMENT,
  `name` varchar(255) DEFAULT NULL,
  `brand_id` int(11) DEFAULT NULL,
  PRIMARY KEY (`alcohol_id`),
  KEY `FKfwe0boklpt63qia0wwcxehxal` (`brand_id`)
) ENGINE=MyISAM AUTO_INCREMENT=726 DEFAULT CHARSET=latin1;

--
-- Déchargement des données de la table `alcohol`
--

INSERT INTO `alcohol` (`alcohol_id`, `name`, `brand_id`) VALUES
(1, '0 HOUR FINE BRANDY', 1),
(2, '0 HOUR FINE WHISKY', 1),
(3, '0 HOUR XXX RUM', 1),
(4, '1 UP BRANDY', 2),
(5, '1 UP WHISKY', 2),
(6, '1 UP XXX RUM', 2),
(7, '2 BARRELS NAPOLEON BRANDY', 3),
(8, '3 COINS VSOP BRANDY', 4),
(9, '8 PM RARE BLEND OF INDIAN WHISKY & SCOTCH', 5),
(10, 'AC BLACK BRANDY', 6),
(11, 'AC SEKC CLASSIC BRANDY', 6),
(12, 'AC VSOP DELUXE BRANDY', 6),
(13, 'ACTIVATOR EXTRA VANILLA VODKA', 7),
(14, 'AFRICAN HORIZON SAUVIGNON BLANC WHITE', 9),
(15, 'AFRICAN HORIZON SHIRAZ RED WINE', 9),
(16, 'AFRICAN XXX RUM', 9),
(17, 'AFTER DARK PREMIUM GRAIN WHISKY', 10),
(18, 'ALLEGRINI VALPOLICELLA CLASSICO', 11),
(19, 'AMARULA MARULA FRUIT CREAM', 12),
(20, 'ANTIQUITY BLUE ULTRA PREMIUM WHISKY', 13),
(21, 'ANTIQUITY RARE PREMIUM WHISKY', 13),
(22, 'ARISTOCRAT PREMIUM WHISKY', 14),
(23, 'ARISTOCRAT VSOP DELUXE BRANDY', 14),
(24, 'ARISTOCRAT WHISKY', 14),
(25, 'ARMSTRONG PREMIUM STRONG BEER', 15),
(26, 'ART COLLECTION CABERNET SHIRAZ RED', 16),
(27, 'ART COLLECTION CHENIN BLANC WHITE WINE', 16),
(28, 'ART COLLECTION SAUVIGNON BLANC WHITE', 16),
(29, 'ART COLLECTION SHIRAZ RED WINE', 16),
(30, 'ART COLLECTION SHIRAZ ROSE WINE', 16),
(31, 'ART COLLECTION VIOGNIER WHITE WINE', 16),
(32, 'ARTIC PURE ITALIAN LUXURY VODKA', 17),
(33, 'ARTIC PURE ITALIAN LUXURY VODKA GREEN', 17),
(34, 'ARTIC PURE ITALIAN LUXURY VODKA NATURAL', 17),
(35, 'BACARDI & COLA', 18),
(36, 'BACARDI & LEMONADE', 18),
(37, 'BACARDI APPLE ORIGINAL RUM', 18),
(38, 'BACARDI CLASSIC BLACK RUM', 18),
(39, 'BACARDI CLASSIC SUPERIOR RUM', 18),
(40, 'BACARDI DRAGON BERRY ORG.STRAWBERRY RUM', 18),
(41, 'BACARDI GOLD RUM', 18),
(42, 'BACARDI LIMON ORIGINAL CITRUS RUM', 18),
(43, 'BACARDI ORIGINAL ORANGE RUM', 18),
(44, 'BACARDI RAZZ +UP', 18),
(45, 'BACARDI RAZZ ORIGINAL RASPBERRY RUM', 18),
(46, 'BAGALONI MERLOT RED WINE', 19),
(47, 'BAGPIPER DELUXE WHISKY', 20),
(48, 'BAGPIPER GOLD PREMIUM WHISKY', 20),
(49, 'BAILEYS THE ORIGINAL IRISH CREAM', 21),
(50, 'BEJOIS NAPOLEON BRANDY', 22),
(51, 'BEL ALIX FRENCH NAPOLEON BRANDY', 23),
(52, 'BELL BIRD PREMIUM STRONG BEER', 24),
(53, 'BELVADERE VODKA', 25),
(54, 'BIG BANYAN CHENIN BLANC WHITE WINE', 26),
(55, 'BIG BANYAN SHIRAZ RED WINE', 26),
(56, 'BINNIES FINE BRANDY', 27),
(57, 'BINNIES FINE WHISKY', 27),
(58, 'BIO RED PREMIUM BRANDY', 28),
(59, 'BIO REGULAR RED WINE', 28),
(60, 'BIO RICH NAPOLEON BRANDY', 28),
(61, 'BIO VODKA PREMIUM REAL APPLE', 28),
(62, 'BIO WHISKY', 28),
(63, 'BLACK & WHITE BLENDED SCOTCH WHISKY', 29),
(64, 'BLACK BEARD XXX RUM', 30),
(65, 'BLACK DOG CENTENARY AGED RARE DELUXE', 31),
(66, 'BLACK DOG DELUXE AGED 12 YEARS SCOTCH', 31),
(67, 'BLACK EAGLE XTRA STRONG BEER', 32),
(68, 'BLACK GRAPE BRANDY', 33),
(69, 'BLACK KNIGHT PREMIUM BLENDED MALT WHISKY', 34),
(70, 'BLACK LABEL SUPERIOR XXX RUM', 35),
(71, 'BLUE GRAPE BRANDY', 36),
(72, 'BLUE KNIGHT DELUXE WHISKY', 37),
(73, 'BOLS BRANDY X.O. EXCELLENCE', 38),
(74, 'BOMBAY DELUXE GRAPE BRANDY', 39),
(75, 'BOMBAY SAPPHIRE LONDON DRY GIN', 40),
(76, 'BONJOUR RARE CLASSIC BRANDY', 41),
(77, 'BOOST BRANDY', 42),
(78, 'BOOST GIN', 42),
(79, 'BOOST RUM', 42),
(80, 'BOOST VODKA', 42),
(81, 'BOOST WHISKY', 42),
(82, 'BOOTZ AUTHENTIC DUTCH GRAPE BRANDY', 43),
(83, 'BOSS PREMIUM BRANDY', 44),
(84, 'BOSSKI PORT WINE', 45),
(85, 'BOTSS WANA VIN ROUGE RED WINE', 46),
(86, 'BREEZER BLACKBERRY CRUSH', 18),
(87, 'BREEZER CRANBERRY', 18),
(88, 'BREEZER JAMAICAN PASSION', 18),
(89, 'BREEZER LIME', 18),
(90, 'BREEZER LYCHEE', 18),
(91, 'BREEZER ORANGE', 18),
(92, 'BRIHANS GRAPE VSOP BRANDY', 47),
(93, 'BRITISH EMPIRE PREMIUM BRANDY', 48),
(94, 'BRUNEL NAPOLEON VSOP BRANDY', 49),
(95, 'BUDWEISER KING OF BEERS', 50),
(96, 'BUDWEISER KING OF BEERS (CAN)', 50),
(97, 'BUDWEISER MAGNUM STRONG BEER', 50),
(98, 'BULL HEAD XXX RUM', 51),
(99, 'CABO WHITE RUM WITH COCONUT LIQUEUR', 52),
(100, 'CAOL ILA AGED 12 YEARS ISLAY SINGLE MALT', 53),
(101, 'CAPRICORN GREEN APPLE VODKA', 54),
(102, 'CAPRICORN LEMON VODKA', 54),
(103, 'CAPRICORN ORANGE VODKA', 54),
(104, 'CAPRICORN SUPER BRANDY', 54),
(105, 'CAPRICORN SUPER GIN', 54),
(106, 'CAPRICORN SUPER PREMIUM WHISKY', 54),
(107, 'CAPRICORN SUPER VODKA', 54),
(108, 'CAPRICORN SUPER WHITE RUM', 54),
(109, 'CAPRICORN SUPER XXX RUM', 54),
(110, 'CAPRICORN VSOP BRANDY', 54),
(111, 'CAPTAIN MORGAN ORIGINAL SPICED RUM', 55),
(112, 'CARDHU SINGLE MALT SCOTCH WHISKY', 56),
(113, 'CARLSBERG ALL MALT PREMIUM BEER', 57),
(114, 'CARLSBERG ALL MALT PREMIUM BEER (CAN)', 57),
(115, 'CARLSBERG ELEPHANT STRONG SUPER PREMIUM', 57),
(116, 'CHAIRMAN FINE BRANDY', 58),
(117, 'CHAIRMAN FINE WHISKY', 58),
(118, 'CHAIRMAN XXX RUM', 58),
(119, 'CHARMINAR FINE GRAPE BRANDY', 59),
(120, 'CHARMINAR FINE WHISKY', 59),
(121, 'CHARMINAR XXX RUM', 59),
(122, 'CHATEAU BOUSCAILLOUS GAILLAC WHITE WINE VIN', 60),
(123, 'CHATEAU BOUSCAILOUS GAILAC RED WINE VIN', 60),
(124, 'CHATEAU DE FONTENILE WINE', 61),
(125, 'CHATEAU DE LOS BORDEAUX AOC', 62),
(126, 'CHATEAU STE.MICHELLE RIESING, COLUMBIA', 63),
(127, 'CHEVALIER DELUXE BRANDY', 64),
(128, 'CIROC SNAP FROST VODKA', 65),
(129, 'CLAN MURRAY BLENDED SCOTCH WHISKY', 66),
(130, 'CLASS 21 GRAIN VODKA', 67),
(131, 'CLOVIS XO FRENCH GRAPE BRANDY', 68),
(132, 'CLUB 99 PORT WINE', 69),
(133, 'COCKS PREMIUM BRANDY', 70),
(134, 'COINTREAU', 71),
(135, 'COLONIAL .FX PREMIUM VSOP BRANDY', 72),
(136, 'COLUMBIA CREST SHIRAZ TWO WINE', 73),
(137, 'CONOSUR MERLOT', 74),
(138, 'CORONA EXTRA BEER', 75),
(139, 'CORONA LIGHT', 75),
(140, 'COURRIER NAPOLEON FINEST FRENCH BRANDY', 76),
(141, 'COX GRAPE BRANDY', 77),
(142, 'CROWN OF CROWNS BRANDY', 78),
(143, 'CURACAO BLEU LIQUEUR FAUCONNIER', 79),
(144, 'DALMORE 12 YEAR OLD SINGLE HIGHLAND MALT', 80),
(145, 'DALMORE GRAN RESERVA SINGLE HIGHLAND MALT', 80),
(146, 'DELIGHT DRY GIN', 81),
(147, 'DELIGHT FINE WHISKY', 81),
(148, 'DELIGHT GRAPE BRANDY', 81),
(149, 'DELIGHT XXX RUM', 81),
(150, 'DEMOCRAT WHISKY', 82),
(151, 'DEMOND DELUX WHISKY', 83),
(152, 'DESMONDJI 100 AGAVE', 84),
(153, 'DESMONDJI 51 AGAVE', 84),
(154, 'DESMONDJI BLUE CURACAO', 84),
(155, 'DESMONDJI BLUE MARGARITA', 84),
(156, 'DESMONDJI MARGARITA', 84),
(157, 'DESMONDJI ORANGE LIQUEUR', 84),
(158, 'DEWARS SPECIAL RESERVE 12 YEARS OLD', 85),
(159, 'DEWARS WHITE LABEL BLENDED SCOTCH', 85),
(160, 'DIA WHITE WINE', 86),
(161, 'DIAMOND CUP FINE BRANDY', 87),
(162, 'DIAMOND CUP XXX RUM', 87),
(163, 'DIRECTORS CLUB BRANDY', 88),
(164, 'DOCTOR CHOICE FINE GRAPE BRANDY', 89),
(165, 'DOCTORS 5 STAR GRAPE BRANDY', 90),
(166, 'DOCTORS CHOICEST BRANDY', 91),
(167, 'DOUBLE DEER BRANDY', 92),
(168, 'DREAM RIDERS AGE OLD MALT WHISKY', 93),
(169, 'DREAM RIDERS PURE GRAPE BRANDY', 93),
(170, 'DSP BLACK DELUXE WHISKY', 94),
(171, 'DUCHESS VSOP BRANDY', 95),
(172, 'DUPLEIX FINE WHISKY', 96),
(173, 'EDWARD AGED ENGLISH BRANDY', 97),
(174, 'ENSIGN BIO BRANDY', 98),
(175, 'ERISTOFF GREEN TRIPLE DISTILLED PREMIUM', 99),
(176, 'ERISTOFF RED TRIPLE DISTILLED PREMIUM', 99),
(177, 'ERISTOFF TRIPLE DISTILLED PREMIUM', 99),
(178, 'ESPECIAL CONSTANTINO FINE OLD QUALITY', 100),
(179, 'ESPECIAL SEAGULL VSOP BRANDY', 100),
(180, 'EXECUTIVE VSOP BRANDY', 101),
(181, 'EXTRA NO.1 GOLDEN STAR BRANDY', 102),
(182, 'EXTRA NO.1 IMPERIAL CROWN BRANDY', 102),
(183, 'FALCON XXX RUM', 103),
(184, 'FANCY APPLE VODKA', 104),
(185, 'FARM HOUSE FRENCH STYLE BRANDY', 105),
(186, 'FAUCONNIER NAPOLEAN BRANDY', 106),
(187, 'FINLANDIA VODKA', 107),
(188, 'FOSTERS LAGER BEER', 108),
(189, 'FOSTERS LAGER BEER (CAN)', 108),
(190, 'FOSTERS SPECIAL BREW', 108),
(191, 'FOSTERS STRONG BEER', 108),
(192, 'FOSTERS STRONG BEER (CAN)', 108),
(193, 'FOUR SEASONS BLUSH ROSE WINE', 109),
(194, 'FOUR SEASONS CABERNET SAUVIGNON', 109),
(195, 'FOUR SEASONS CHENIN BLANC WHITE WINE', 109),
(196, 'FOUR SEASONS SAUVIGNON BLANC WHITE', 109),
(197, 'FOUR SEASONS SHIRAZ RED WINE', 109),
(198, 'FOUR SEASONS ZINFANDEL RED WINE', 109),
(199, 'FRANCIS COPPOLA DIAMOND SERIES CLARET', 110),
(200, 'FRATELLI CABERNET FRANC SHIRAZ WINE', 111),
(201, 'FRATELLI CABERNET SAUVIGNON RED WINE', 111),
(202, 'FRATELLI CHENIN BLANC WHITE WINE', 111),
(203, 'FRATELLI CLASSIC CHENIN WHITE WINE', 111),
(204, 'FRATELLI CLASSIC CHENIN WHITE WINE', 111),
(205, 'FRATELLI CLASSIC SHIRAZ RED WINE', 111),
(206, 'FRATELLI MERLOT RED WINE', 111),
(207, 'FRATELLI SANGIOVESE RED WINE', 111),
(208, 'FREEDOM BRANDY', 112),
(209, 'FREEDOM XXX RUM', 112),
(210, 'FRENCH ROOTS MERLOT RED WINE', 113),
(211, 'FRENCH ROOTS SAUVIGNON BLANC WHITE', 113),
(212, 'FRENCH VSOP BRANDY', 114),
(213, 'G&B 6EME SENS BLANC', 115),
(214, 'G&B 6EME SENS ROUGE', 115),
(215, 'G.D. BRANDY', 116),
(216, 'GALAXY FINE BRANDY', 117),
(217, 'GALAXY XXX RUM', 117),
(218, 'GATO NEGRO CABERNET SAUVIGNON', 118),
(219, 'GATO NEGRO CHARDONNAY', 118),
(220, 'GATO NEGRO MERLOT', 118),
(221, 'GILLES DE FRANCE XO NAPOLEON FRENCH', 119),
(222, 'GLENCOS COSCO PREMIUM WHISKY', 120),
(223, 'GLENCOS PILOT PREMIUM BRANDY', 120),
(224, 'GLENCOS PILOT PREMIUM WHISKY', 120),
(225, 'GLENFIDDICH 12 YEARS OLD SINGLE MALT', 121),
(226, 'GLENKINCHIE SINGLE MALT SCOTCH WHISKY', 122),
(227, 'GLENMORANGIE 10 YEARS SCOTCH WHISKY', 123),
(228, 'GLOBUS FORTIFIED PORT WINE', 124),
(229, 'GLOBUS VERMOUTH WINE', 124),
(230, 'GLOBUS WHITE WINE', 124),
(231, 'GOA RED PORT WINE', 125),
(232, 'GOA SPECIAL DOCTOR NO.1 BRANDY', 125),
(233, 'GOA XXX VSOP BRANDY', 125),
(234, 'GOAN MARVEL PORT WINE', 126),
(235, 'GOAN VALLEY PORT WINE', 127),
(236, 'Golconda Brandy', 128),
(237, 'Golconda Ruby Wine', 128),
(238, 'Gold Finger Premium Brandy', 129),
(239, 'Gold Mile Brut Cuvee', 130),
(240, 'Gold Napoleon French Vsop Brandy', 131),
(241, 'Gold Rush Port Wine', 131),
(242, 'Golden Eagle Blend Of Pure Grape Brandy', 132),
(243, 'Golden Eagle Deluxe Premium Beer', 132),
(244, 'Golden Eagle Special Blend Of Brandy', 132),
(245, 'Golden Grape Brandy', 133),
(246, 'Golden Laurel Vsop Brandy', 134),
(247, 'Golden Leaf Fine Brandy', 135),
(248, 'Golden Star Gin', 136),
(249, 'Golden Star Whisky', 136),
(250, 'Golden Star Xxx Rum', 136),
(251, 'Golden Touch 24 Carat Ultra Premium Whisky', 137),
(252, 'Golden Touch 24 Carat Xo Superior Brandy', 137),
(253, 'Grand Invitation Xo Brandy', 138),
(254, 'Grand Pierre Xo Napoleon French', 139),
(255, 'Granduer Red Wine', 140),
(256, 'Grants Blended Scotch Whisky', 141),
(257, 'Grape Leaf No.1 Brandy', 142),
(258, 'Green Channel Grape Brandy', 143),
(259, 'Green Channel Rum', 143),
(260, 'Green Channel Whisky', 143),
(261, 'Green Classic Whisky', 144),
(262, 'Green Leaf Grape Brandy', 145),
(263, 'Green Magic Brandy', 146),
(264, 'Green Signal Brandy', 147),
(265, 'Green Valley Port Wine', 148),
(266, 'Grey Goose Vodka', 149),
(267, 'Gwalior Xo Premium Brandy', 150),
(268, 'Haig Gold Label Blended Scotch', 151),
(269, 'Haywards 2000 Premium Strong Beer', 152),
(270, 'Haywards 5000 Super Strong Beer (Can)', 152),
(271, 'Haywards Fine Brandy', 152),
(272, 'Haywards Fine Brandy', 152),
(273, 'Haywards Fine Whisky', 152),
(274, 'Haywards Fine Whisky', 152),
(275, 'Haywards Punch Fine Brandy', 152),
(276, 'Heineken Premium Lager Beer', 153),
(277, 'Hennessey Vsop Cognac Brandy', 154),
(278, 'Hennessey Xo Cognac Brandy', 154),
(279, 'Hennessy Very Special Cognac Brandy', 154),
(280, 'Hercules Special Reserve 3x Matured', 155),
(281, 'Hercules Super Strong Beer', 155),
(282, 'Hercules White Rum', 155),
(283, 'Hercules Xxx Rum', 155),
(284, 'Hero No.1 Whisky', 156),
(285, 'Hill Grape Port Wine', 157),
(286, 'Hobsons Xr Brandy', 158),
(287, 'Honey Bee Premium Brandy', 159),
(288, 'Honey Bee Premium Brandy (Tetra)', 159),
(289, 'Honey Falls Original Pure Grape French', 160),
(290, 'Honey Well Brandy', 161),
(291, 'Hotspot Vsop Brandy', 162),
(292, 'House Of Common Old Blended Whisky', 163),
(293, 'Hunter Super Strong Premium Beer', 164),
(294, 'Hunter Super Strong Premium Beer (Can)', 164),
(295, 'Imperial Crown Dry Gin', 165),
(296, '6 Imperial Crown Superior Xxx Rum', 165),
(297, 'Isle Of Jura Superstition Single', 166),
(298, 'Isle Ofjura 10 Year Old Single Malt Scotch', 166),
(299, 'J & B Rare Old Scotch Whisky', 167),
(300, 'Jack Daniel Whisky', 168),
(301, 'Jazz Blue Vodka', 169),
(302, 'Jean Louis Xo Superieur Extra Old', 170),
(303, 'Jean Louise Xo Brandy', 170),
(304, 'Jeffries Grape Brandy', 171),
(305, 'Jim Beam White Bourbon Whisky', 172),
(306, 'Johnnie Walker Black Label Blended Scotch', 173),
(307, 'Johnnie Walker Blue Label Blended Scotch', 173),
(308, 'Johnnie Walker Gold Reserve Blended', 173),
(309, 'Johnnie Walker Green Label Blended Malt', 173),
(310, 'Johnnie Walker Red Label Blended Scotch', 173),
(311, 'Joie De Franc Vsop Premium Brandy', 174),
(312, 'K.s.xxx Rum', 175),
(313, 'Kalyani Black Label Strong Beer', 176),
(314, 'Kerala Coconut Rum', 177),
(315, 'Kerala Grape Brandy', 177),
(316, 'King Charles Superior Grape Brandy', 178),
(317, 'King Robert Ii Scotch Whisky', 179),
(318, 'King Robert Ii Scotch Whisky', 179),
(319, 'Kingfisher Blue Premium Beer', 180),
(320, 'Kingfisher Blue Premium Beer (Can)', 180),
(321, 'Kingfisher Bohemia Chenin Blanc', 180),
(322, 'Kingfisher Bohemia Pinotage Red', 180),
(323, 'Kingfisher Bohemia Rose', 180),
(324, 'Kingfisher Draught Beer (Can)', 180),
(325, 'Kingfisher Premium Lager Beer', 180),
(326, 'Kingfisher Premium Lager Beer (Can)', 180),
(327, 'Kingfisher Strong Fresh Beer (Can)', 180),
(328, 'Kingfisher Strong Premium Beer (Can)', 180),
(329, 'Kingfisher Strong Premium Beer', 180),
(330, 'Kingfisher Ultra Lager Beer', 180),
(331, 'Kingmaker French Vsop Brandy', 181),
(332, 'Kings Choice Brandy', 182),
(333, 'Knight Rider Premium Vodka', 183),
(334, 'Knockout High Punch Strong Beer', 184),
(335, 'Knockout High Punch Strong Beer (Can)', 184),
(336, 'Knockout Refreshing Strong Beer', 184),
(337, 'Konark Classic Brandy', 185),
(338, 'Konark Grape Brandy', 185),
(339, 'Koroby French Brandy', 186),
(340, 'La Crown D Or Xo Brandy', 187),
(341, 'La Reserve Red Wine', 188),
(342, 'Lbw Deluxe Rum', 189),
(343, 'Lbw Vsop Grape Brandy', 189),
(344, 'Le Conaque No.1 Rare Superior Grape', 190),
(345, 'Le Roi Xs Special Reserva Brandy', 191),
(346, 'Le Vdp Cite De Carcassonne Rouge', 192),
(347, 'Le Vdp Cite De Carcassonne Rouge', 192),
(348, 'Leo Vsop Brandy', 193),
(349, 'Leo Xxx Rum', 183),
(350, 'London Port Dry Gin', 194),
(351, 'Lord & Master French Grape Brandy', 195),
(352, 'Lord & Master V.s. French Grape Brandy', 195),
(353, 'Louis Xi Deluxe Vsop Brandy', 196),
(354, 'Luxury Diamond Vsop Brandy', 197),
(355, 'Mac Millan Premium Brandy', 198),
(356, 'Madera Nashik Valley Red Wine', 199),
(357, 'Madera Nashik Valley White Wine', 199),
(358, 'Madras Pilsner Premium Beer', 200),
(359, 'Magic Blended Fine Whisky', 201),
(360, 'Magic Deluxe Brandy', 201),
(361, 'Magic Deluxe Xxx Rum', 201),
(362, 'Magic Gin', 201),
(363, 'Magic Moments New Remix Flavoured', 202),
(364, 'Magic Moments New Remix Flavoured', 202),
(365, 'Maison Louis Jadot Bourgogne', 203),
(366, 'Maison Louis Jadot Bourgogne Pinot Noir', 203),
(367, 'Majestic Fine Brandy', 204),
(368, 'Malabar Malt Whisky', 205),
(369, 'Malabar Special Brandy', 205),
(370, 'Mansion House Silk', 206),
(371, 'Marc Whisky', 207),
(372, 'Marchesi De Frescobaldi Chianti', 208),
(373, 'Marchesi De Frescobaldi Danzante', 208),
(374, 'Marma Goa Port Wine', 209),
(375, 'Martini Blanco', 210),
(376, 'Martini Rosso', 210),
(377, 'Mbs Atlanta Port Wine', 211),
(378, 'Mbs French Grape Brandy', 211),
(379, 'Mc Millan Brandy', 212),
(380, 'Mcdowell Old Cask Xxx Rum', 213),
(381, 'Mcdowells Blue Riband Premium Extra', 213),
(382, 'Mcdowells Blue Riband Tango Gin &', 213),
(383, 'Mcdowells Ceasar Genuine Grape Brandy', 213),
(384, 'Mcdowells Diplomat World Class Whisky', 213),
(385, 'Mcdowells Green Label Superior Grain', 213),
(386, 'Mcdowells No.1 Celebration Matured', 213),
(387, 'Mcdowells No.1 Platinum Premium Gr.', 213),
(388, 'Mcdowells No.1 Reserve Whisky', 213),
(389, 'Mcdowells No.1 White Rum', 213),
(390, 'Mcdowells Oak Matured Single Malt', 213),
(391, 'Mcdowells Vsop Brandy', 213),
(392, 'Mens Choice Fine Whisky', 214),
(393, 'Mens Choice Grape Brandy', 214),
(394, 'Mens Club Grape Brandy', 214),
(395, 'Meridian Vodka Dry Imperial', 215),
(396, 'Meridian Vs French Brandy', 215),
(397, 'Merlion Premium Brandy', 216),
(398, 'Metaxa 5 Star', 217),
(399, 'Metro Express Brandy', 218),
(400, 'Metro Express Whisky', 218),
(401, 'Metro Xxx Rum', 218),
(402, 'Mgm Apple Vodka', 219),
(403, 'Mgm Gold Vsop Brandy', 219),
(404, 'Mgm Mango Vodka', 219),
(405, 'Mgm No.1 Grape Brandy', 219),
(406, 'Mgm Orange Vodka', 219),
(407, 'Mgm Pure Honey Brandy', 219),
(408, 'Mgm Richmans Grape Brandy', 219),
(409, 'Mgm Vodka', 219),
(410, 'Mh Vsop Brandy', 220),
(411, 'Mh Vsop Brandy', 220),
(412, 'Moet Chandon Champagne', 221),
(413, 'Mont Castle French Grape Brandy', 222),
(414, 'Morpheus Xo Blended Premium Brandy', 223),
(415, 'Mosolo Gleni Cabernet Sauvignon', 224),
(416, 'Mount Gay Eclipse Silver', 225),
(417, 'Mounts 6000 Strong Beer', 226),
(418, 'Mr.king Brandy', 227),
(419, 'Mysore Lancer Whisky', 228),
(420, 'Napoleon Brandy', 229),
(421, 'Napoleons French Salute Brandy', 230),
(422, 'Nesara Cabernet Sauvignon Wine', 231),
(423, 'Nesara Sauvignon Blanc Wine', 231),
(424, 'New Magic Moments Premium Grain Vodka', 232),
(425, 'Nicer Tropical Apple', 233),
(426, 'Nicer Tropical Cranberry', 233),
(427, 'Nicer Tropical Lemon', 233),
(428, 'Nicer Tropical Orange', 233),
(429, 'Nicer Tropical Passion', 233),
(430, 'Nicols Black & Gold French Brandy Vsop', 234),
(431, 'Nicols Black & Gold Napoleon French', 234),
(432, 'Nicols Black & Gold Rare Premium Whisky', 234),
(433, 'Nicols Black & Gold Rare Premium Whisky', 234),
(434, 'Nicols Black Bull Matured Xxx Rum', 235),
(435, 'Nicols Black Bull Xxx Rum', 235),
(436, 'Nicols Golden Barrel Brandy', 235),
(437, 'Nicols V Vodka', 235),
(438, 'No.1 Mcdowells Brandy', 213),
(439, 'No.1 Mcdowells Brandy Tetra', 213),
(440, 'Obikwa Cabernet Sauvignon', 236),
(441, 'Obikwa Sauvignon Blanc', 236),
(442, 'Ocean Blue Duet Gin', 237),
(443, 'Old & Gold French Napoleon Brandy', 238),
(444, 'Old Admiral Deluxe Vsop Brandy (Tetra)', 239),
(445, 'Old Admiral Vsop Brandy', 239),
(446, 'Old Marc Apple Vodka', 240),
(447, 'Old Marc Xxx Rum', 240),
(448, 'Old Monk Supreme Xxx Rum Very Old Vatted', 241),
(449, 'Old Monk Supreme Xxx Rum Very Old Vatted', 241),
(450, 'Old Monk Very Old Vatted Xxx Rum', 241),
(451, 'Old Napoleon Vsop French Brandy', 242),
(452, 'Old Oak Premium Malt Premium Whisky', 243),
(453, 'Olympus Port Wine', 244),
(454, 'Once More Xxx Rum', 245),
(455, 'Opera Fine Brandy', 246),
(456, 'Original Choice Grape Brandy', 247),
(457, 'P Aoc Cabrdes Rouge Cuvee Petits', 248),
(458, 'Palace Grape Brandy', 249),
(459, 'Palace Xxx Rum', 249),
(460, 'Palone 8 Xtra Strong Premium Beer', 250),
(461, 'Paris Pride Vsop Brandy', 251),
(462, 'Pepe Lopez Tequila', 252),
(463, 'Peter Scot Malt Whisky', 253),
(464, 'Philips Fine Brandy', 254),
(465, 'Pinky Vodka', 255),
(466, 'Piper Hidesieck Champagne Brut', 256),
(467, 'Platinum Romanov Flavoured Vodka', 257),
(468, 'Platinum Romanov Flavoured Vodka', 257),
(469, 'Platinum Romanov Vodka', 257),
(470, 'Platinum Romanov Vodka Apple Thrill', 257),
(471, 'Platinum Romanov Vodka Lemon Thrill', 257),
(472, 'Platinum Romanov Vodka Orange Thrill', 257),
(473, 'Polo No.1 Vsop Brandy', 258),
(474, 'Port 69 Red Wine Black Label', 259),
(475, 'Port 69 Red Wine Gold Label', 259),
(476, 'Port Wine 1000', 260),
(477, 'Power 10000 Super Strong Beer', 261),
(478, 'Premier 555 Brandy', 262),
(479, 'Premier 555 Brandy', 262),
(480, 'Premier Doctors Brandy', 263),
(481, 'Premier Grape Leaf Brandy', 264),
(482, 'Premier Splash Ready To Drink Cranberry', 265),
(483, 'Premier Splash Ready To Drink Jamaican', 265),
(484, 'Premier Splash Ready To Drink Lime', 265),
(485, 'Premier Splash Ready To Drink Orange', 265),
(486, 'Premier Splash Ready To Drink Pineapple', 265),
(487, 'Premier Splash Ready To Drink Raspberry', 265),
(488, 'Prime Doctors Brandy', 266),
(489, 'Prime Xxx Rum', 266),
(490, 'Punch Fine Whisky', 267),
(491, 'Punch Fine Whisky', 267),
(492, 'Queens Club Brandy', 268),
(493, 'Radico Gold Vsop Brandy', 269),
(494, 'Radico Napoleon Brandy', 269),
(495, 'Radico No.1 Special Brandy', 269),
(496, 'Ranchero Premium Blanco Tequila', 270),
(497, 'Ranchitos Tequila', 271),
(498, 'Real Choice Fine Whisky', 272),
(499, 'Red Knight Finest Blended Malt Whisky', 273),
(500, 'Red Magic Ruby Red Wine', 274),
(501, 'Red Rose Fine Brandy', 275),
(502, 'Red Sun Fine Brandy', 276),
(503, 'Red Sun Fine Whisky', 276),
(504, 'Red Sun Xxx Rum', 276),
(505, 'Red Tape Blended Malt Whisky', 277),
(506, 'Red Tape Old Blended Malt Whisky', 277),
(507, 'Regalien Dictat Vsop Brandy', 278),
(508, 'Remo Brandy', 279),
(509, 'Remo Fine Whisky', 279),
(510, 'Remy Martin Fine Champagne Cognac Xo', 280),
(511, 'Remy Martin Vsop', 280),
(512, 'Remy Martin Xo', 280),
(513, 'Renoir Vsop Brandy', 281),
(514, 'Reunite Lambrussco Emillia', 282),
(515, 'Revo Red Wine', 283),
(516, 'Ricky Martien Xo French Napolean', 284),
(517, 'Rkdls Mexican Vodka Green Apple', 285),
(518, 'Rkdls Mexican Vodka Lemon', 285),
(519, 'Rkdls Mexican Vodka Mango', 285),
(520, 'Rkdls Mexican Vodka Orange', 285),
(521, 'Roberto Cavalli Vodka', 286),
(522, 'Romanov Red Vodka', 287),
(523, 'Rose Berry Red Wine', 288),
(524, 'Rowsons Reserve Rare Premium Whisky', 289),
(525, 'Royal Army Xxx Rum', 290),
(526, 'Royal Castle Premium Brandy', 291),
(527, 'Royal Challenge Finest Premium Brandy', 292),
(528, 'Royal Challenge Finest Premium Whisky', 292),
(529, 'Royal Challenge Premium Lager Beer', 292),
(530, 'Royal Challenge Premium Lager Beer', 292),
(531, 'Royal Challenge Strong Beer', 292),
(532, 'Royal Chieftain Finest Deluxe Whisky', 293),
(533, 'Royal Choice Brandy', 294),
(534, 'Royal Crest Gold Brandy', 295),
(535, 'Royal Crest Grape Brandy', 295),
(536, 'Royal Goa Port Wine', 296),
(537, 'Royal Goans No.7 Port Wine', 297),
(538, 'Royal Gold Club Special Brandy', 298),
(539, 'Royal Gold Cup Special Whisky', 299),
(540, 'Royal Gold Cup Whisky', 299),
(541, 'Royal Gold Cup Xxx Rum', 299),
(542, 'Royal Gold Seal Premium Whisky', 300),
(543, 'Royal Jelly Grand Vsop Brandy', 301),
(544, 'Royal Jelly Xo Premium French', 301),
(545, 'Royal Jet Deluxe Brandy', 302),
(546, 'Royal Martin Xo Napoleon Original', 303),
(547, 'Royal Musk Excel Brandy', 304),
(548, 'Royal Trophy French Brandy', 305),
(549, 'Royal Vsop Superior Brandy', 306),
(550, 'Ruby Premium Port Wine', 307),
(551, 'Sailors Choice Fine Brandy', 308),
(552, 'Samara Red Wine', 309),
(553, 'Samara White Wine', 309),
(554, 'Sambucca Liquore', 310),
(555, 'Sante Shiraz Black White Wine', 311),
(556, 'Sante Shiraz Red Wine', 311),
(557, 'Sauza Silver Tequila', 312),
(558, 'Seagrams 100 Pipers Deluxe Blended', 313),
(559, 'Seagrams Blenders Pride Rare Premium', 313),
(560, 'Seagrams Blenders Pride Reserve', 313),
(561, 'Seagrams Fuel Apple Flavoured Vodka', 313),
(562, 'Seagrams Fuel Orange Flavoured Vodka', 313),
(563, 'Seagrams Fuel Vodka', 313),
(564, 'Seagrams Imperial Blue Superior Grain', 313),
(565, 'Seagrams Nine Hills Cabernet Sauvignon', 313),
(566, 'Seagrams Nine Hills Chenin Blanc White', 313),
(567, 'Seagrams Nine Hills Sauvignon Blanc White', 313),
(568, 'Seagrams Nine Hills Shiraz Red Wine', 313),
(569, 'Seagrams Nine Hills Shiraz Rose Wine', 313),
(570, 'Seagrams Royal Stag Barrel Select Whisky', 313),
(571, 'Seagrams Royal Stag Deluxe Whisky', 313),
(572, 'Select Doctor Brandy', 314),
(573, 'Selvino White Wine', 315),
(574, 'Seven Islands Single Malt Whisky', 316),
(575, 'Shark Tooth Extra Ripe Mango Vodka', 317),
(576, 'Shark Tooth Original Vodka', 317),
(577, 'Shark Tooth Vodka Orange', 317),
(578, 'Signature Premier Grain Whisky', 318),
(579, 'Signature Rare Aged Whisky', 318),
(580, 'Signature Rare Aged Whisky', 318),
(581, 'Skyy Citrus Vodka', 319),
(582, 'Skyy Infusions Passion Fruit Vodka', 319),
(583, 'Skyy Vodka', 319),
(584, 'Smirnoff Black Vodka', 320),
(585, 'Smirnoff Citrus Triple Distilled Vodka', 320),
(586, 'Smirnoff Espresso Triple Distilled Vodka', 320),
(587, 'Smirnoff Green Apple Triple Distilled Vodka', 320),
(588, 'Smirnoff Lime Triple Distilled Vodka', 320),
(589, 'Smirnoff Mango Triple Distilled Vodka', 320),
(590, 'Smirnoff Orange Triple Distilled Vodka', 320),
(591, 'Smirnoff Triple Distilled Vodka', 320),
(592, 'Smirnoff Vanilla Triple Distilled Vodka', 320),
(593, 'Snj No.1 Premium Orange Vodka', 321),
(594, 'Solan No.1 Full Bodied Malt Whisky', 322),
(595, 'Sovereign Super Strong Beer', 323),
(596, 'Spark Orange Flavoured Vodka', 324),
(597, 'Special Appointment Deluxe Brandy', 325),
(598, 'Special Appointment Premium Brandy', 325),
(599, 'Special Vsop Indian Brandy', 326),
(600, 'St.remy Authentic Vsop', 327),
(601, 'St.remy Authentic Xo', 327),
(602, 'Sula Blush Zinfandel Rose Wine', 328),
(603, 'Sula Brut Methode Champenoise', 328),
(604, 'Sula Cabernet Shiraz Red Wine', 328),
(605, 'Sula Chenin Blanc White Wine', 328),
(606, 'Sula Dindori Reserve Shiraz Red Wine', 328),
(607, 'Sula Mosaic Grenache Syrah Red Wine', 328),
(608, 'Sula Satori Merlot Malbec Red Wine', 328),
(609, 'Sula Sauvignon Blanc White Wine', 328),
(610, 'Super 6 Fine Brandy', 329),
(611, 'Super Gold Brandy', 330),
(612, 'Taj Mahal Vsop Brandy', 331),
(613, 'Talisker 10 Years Single Malt Scotch', 332),
(614, 'Tarzan Xxx Rum', 333),
(615, 'Teachers 50 12 Years Scotch Whisky', 334),
(616, 'Teachers Highland Cream Scotch Whisky', 334),
(617, 'Teachers Origin Blended Scotch', 334),
(618, 'Tee Vee Fine Brandy', 335),
(619, 'Tee Vee Xxx Rum', 335),
(620, 'Tennents Xxxx Super Strong Beer', 336),
(621, 'Tequila Camino Real Blanco', 337),
(622, 'Tequila Don Angel', 338),
(623, 'Test Brand Five', 339),
(624, 'Test Brand Four', 339),
(625, 'Test Brand One', 339),
(626, 'Test Brand Three', 339),
(627, 'Test Brand Two', 339),
(628, 'The 1st Choice Brandy', 340),
(629, 'The Auto Cycle Brandy', 341),
(630, 'The Message Napoleon Vsop French Brandy', 342),
(631, 'The Original Haywards 5000 Super Strong', 343),
(632, 'The Original Haywards 5000 Super Strong', 343),
(633, 'The Queens Seal Deluxe Matured', 344),
(634, 'The Rockford Reserve Fine & Rare Whisky', 345),
(635, 'The Warehouse Brandy Vsop', 346),
(636, 'The Warehouse Extra Dry Matured Premium', 346),
(637, 'The Warehouse Matured Premium', 346),
(638, 'The Warehouse Matured Premium', 346),
(639, 'The Warehouse Matured Superior', 346),
(640, 'The Warehouse Matured Superior', 346),
(641, 'The Warehouse Red Wine', 346),
(642, 'The Warehouse Tequila', 346),
(643, 'The Warehouse White Wine', 346),
(644, 'Three Peaks Chardonnay', 347),
(645, 'Three Peaks Merlot', 347),
(646, 'Ti Courrier Napoleon Finest Pure Grape', 348),
(647, 'Ti Mansion House French Brandy', 348),
(648, 'Ti Mansion House Premium Whisky', 348),
(649, 'Ti Senate Royal Whisky', 348),
(650, 'Ti White House Xxx Matured Rum', 348),
(651, 'Tiffanis Vs Brandy', 349),
(652, 'Tiffanis Xo Brandy', 349),
(653, 'Tiger Xxx Rum', 350),
(654, 'Top 10 Vsop Brandy', 351),
(655, 'Triple Crown Pure Grape Blended Brandy', 352),
(656, 'Triple Crown Vsop Brandy', 352),
(657, 'Triple Sec Liqueur Fauconnier', 353),
(658, 'Tropicana Vsop Brandy', 354),
(659, 'Tuborg Green Beer', 355),
(660, 'Tuborg Strong Premium Beer', 355),
(661, 'Twenty 20 Deluxe Brandy', 356),
(662, 'Two Oceans Chardonnay Wine', 357),
(663, 'Two Oceans Pinotage Red Wine', 357),
(664, 'Two Oceans Sauvignon Wine', 357),
(665, 'Two Oceans Shiraz Red Wine', 357),
(666, 'Vasco Da Gama Red Wine', 358),
(667, 'Vat 69 Blended Scotch Whisky', 359),
(668, 'Vega Vsop Brandy', 360),
(669, 'Vermouth Rosso', 361),
(670, 'Veuve Clicquot Champagne', 362),
(671, 'Villa Maria Private Bin Sauvignon Blanc', 363),
(672, 'Vin Grape Brandy', 364),
(673, 'Vinbros 7pm Onwards Rare Premium Grain', 365),
(674, 'Vinbros Doctors Special.no.1 Brandy', 365),
(675, 'Vinbros Fine Choice Brandy', 365),
(676, 'Vinbros Grape Brandy', 365),
(677, 'Vinbros Grape Leaf Port Wine', 365),
(678, 'Vinbros Jockey Brandy', 365),
(679, 'Vinbros Jockey Whisky', 365),
(680, 'Vinbros Jockey Xxx Rum', 365),
(681, 'Vinbros La Reserve Ruby Red Wine', 365),
(682, 'Vinbros Napoleon Vsop French Brandy', 365),
(683, 'Vinbros Soma Ban Port Wine', 365),
(684, 'Vinbros Southern Spice Gin Duet', 365),
(685, 'Vinbros Southern Spice Matured & Spiced', 365),
(686, 'Vinbros Southern Spice Matured & Spiced', 365),
(687, 'Vinbros Southern Spice Matured Xxx', 365),
(688, 'Vinbros Southern Spice White Rum', 365),
(689, 'Vinbros Temptation Brandy Vsop Reserve', 365),
(690, 'Vinee Red Wine', 366),
(691, 'Vinicola Port Wine', 367),
(692, 'Vinsura Brut Wine', 368),
(693, 'Vinsura Cabernet Syrah Wine', 368),
(694, 'Vinsura Sauvignon White Wine', 368),
(695, 'Vinsura Valentino Red Wine', 368),
(696, 'Vinsura Valentino White Wine', 368),
(697, 'Vinsura Zinfandel Red Wine', 368),
(698, 'Vintage Wine', 369),
(699, 'Vladivar Vodka', 370),
(700, 'Vladivar Vodka Green Apple', 370),
(701, 'Vladivar Vodka Lemon Zest', 370),
(702, 'Vladivar Vodka Orange Zest', 370),
(703, 'Voodoo Classique Cream Liqueur', 371),
(704, 'Vorion 6000 Indian Super Strong Beer', 372),
(705, 'Vsop Bonafide Napoleon Brandy', 373),
(706, 'Vsop Honey Drops Brandy', 374),
(707, 'Vsop Premier Exclusive Brandy', 375),
(708, 'Wellington Whisky', 376),
(709, 'White Mischief Classic Brandy', 377),
(710, 'White Mischief Vodka Ultra Pure', 377),
(711, 'Whitefield Extra Reserve Brandy', 378),
(712, 'Whyte & Mackay Blended Scotch', 379),
(713, 'Whyte & Mackay Blended Scotch', 379),
(714, 'Whyte & Mackay Special Blended', 379),
(715, 'Winner Doctor Brandy', 380),
(716, 'Wodka Gorbatschow', 381),
(717, 'Wodka Gorbatschow Orange', 381),
(718, 'Wodka Gorbatschow Green Apple', 381),
(719, 'Wodka Gorbatschow Vanilla', 381),
(720, 'World Cup Fine Whisky', 382),
(721, 'Zeally Port Wine', 383),
(722, 'Zinzi Red Wine', 384),
(723, 'Zinzi White Wine', 384),
(724, 'Zuari Goan Port Wine', 385);

-- --------------------------------------------------------

--
-- Structure de la table `alcoholand_ranges`
--

DROP TABLE IF EXISTS `alcoholand_ranges`;
CREATE TABLE IF NOT EXISTS `alcoholand_ranges` (
  `alcohol_id` int(11) NOT NULL,
  `alcoholrange_id` int(11) NOT NULL,
  `price` int(11) DEFAULT NULL,
  PRIMARY KEY (`alcohol_id`,`alcoholrange_id`),
  KEY `FKnes3jukejuujp8p0eold8p51j` (`alcoholrange_id`)
) ENGINE=MyISAM DEFAULT CHARSET=latin1;

--
-- Déchargement des données de la table `alcoholand_ranges`
--

INSERT INTO `alcoholand_ranges` (`alcohol_id`, `alcoholrange_id`, `price`) VALUES
(1, 3, 19),
(1, 5, 38),
(1, 12, 75),
(1, 13, 100),
(1, 15, 150),
(1, 17, 200),
(2, 3, 19),
(2, 5, 38),
(2, 12, 75),
(2, 13, 100),
(2, 15, 150),
(2, 17, 200),
(3, 3, 19),
(3, 5, 38),
(3, 12, 75),
(3, 13, 100),
(3, 15, 150),
(3, 17, 200),
(4, 5, 30),
(4, 12, 60),
(4, 16, 120),
(5, 5, 30),
(5, 12, 60),
(5, 16, 120),
(6, 5, 30),
(6, 12, 60),
(6, 16, 120),
(7, 2, 20),
(7, 3, 30),
(7, 5, 60),
(7, 12, 120),
(7, 13, 150),
(7, 16, 240),
(7, 17, 290),
(8, 5, 40),
(8, 12, 80),
(8, 16, 160),
(9, 5, 65),
(9, 12, 125),
(9, 16, 250),
(10, 5, 77),
(10, 12, 148),
(10, 16, 298),
(11, 3, 23),
(11, 5, 45),
(11, 12, 90),
(11, 13, 120),
(11, 16, 180),
(11, 17, 240),
(12, 3, 25),
(12, 5, 50),
(12, 12, 100),
(12, 13, 135),
(12, 16, 200),
(12, 17, 270),
(13, 5, 59),
(13, 12, 120),
(13, 16, 240),
(14, 16, 967),
(15, 16, 968),
(16, 5, 35),
(16, 12, 70),
(16, 16, 140),
(17, 5, 125),
(17, 12, 250),
(17, 16, 500),
(18, 16, 1474),
(19, 1, 265),
(19, 12, 1040),
(19, 16, 2100),
(20, 2, 75),
(20, 5, 210),
(20, 12, 420),
(20, 16, 830),
(21, 2, 70),
(21, 5, 170),
(21, 12, 340),
(21, 16, 675),
(22, 5, 65),
(22, 12, 130),
(22, 16, 260),
(23, 3, 28),
(23, 5, 55),
(23, 12, 110),
(23, 13, 145),
(23, 16, 220),
(23, 17, 290),
(24, 5, 50),
(24, 12, 100),
(24, 16, 200),
(25, 14, 63),
(26, 12, 428),
(26, 16, 819),
(27, 12, 403),
(27, 16, 769),
(28, 12, 403),
(28, 16, 769),
(29, 12, 403),
(29, 16, 769),
(30, 12, 403),
(30, 16, 769),
(31, 12, 403),
(31, 16, 769),
(32, 2, 65),
(32, 5, 152),
(32, 16, 610),
(33, 2, 83),
(33, 5, 200),
(33, 16, 611),
(34, 2, 83),
(34, 5, 200),
(34, 16, 611),
(35, 7, 80),
(36, 7, 80),
(37, 2, 44),
(37, 5, 130),
(37, 12, 256),
(37, 16, 512),
(38, 5, 125),
(38, 12, 250),
(38, 16, 500),
(39, 2, 42),
(39, 5, 125),
(39, 12, 250),
(39, 16, 500),
(39, 17, 630),
(40, 2, 50),
(40, 5, 145),
(40, 12, 286),
(40, 16, 572),
(41, 2, 42),
(41, 5, 128),
(41, 12, 255),
(41, 16, 510),
(42, 2, 44),
(42, 5, 130),
(42, 12, 256),
(42, 16, 512),
(43, 2, 44),
(43, 5, 130),
(43, 12, 256),
(43, 16, 512),
(44, 7, 68),
(45, 2, 44),
(45, 5, 130),
(45, 12, 256),
(45, 16, 512),
(46, 5, 125),
(46, 12, 250),
(46, 16, 500),
(47, 2, 22),
(47, 5, 60),
(47, 12, 115),
(47, 16, 235),
(47, 17, 290),
(48, 5, 70),
(48, 12, 135),
(48, 16, 265),
(49, 16, 1865),
(50, 2, 65),
(50, 5, 180),
(50, 12, 375),
(50, 16, 750),
(51, 15, 1050),
(52, 13, 53),
(52, 14, 65),
(53, 1, 237),
(53, 6, 837),
(53, 15, 2944),
(54, 12, 325),
(54, 16, 650),
(55, 12, 350),
(55, 16, 700),
(56, 5, 40),
(56, 12, 80),
(56, 16, 160),
(57, 5, 40),
(57, 12, 80),
(57, 16, 160),
(58, 5, 80),
(58, 12, 160),
(58, 16, 320),
(59, 12, 150),
(59, 16, 300),
(60, 5, 60),
(60, 12, 120),
(60, 16, 240),
(61, 5, 100),
(61, 12, 200),
(61, 16, 400),
(62, 5, 70),
(62, 12, 140),
(62, 16, 240),
(63, 2, 115),
(63, 16, 1135),
(64, 5, 38),
(64, 12, 75),
(64, 16, 150),
(65, 2, 95),
(65, 5, 300),
(65, 12, 600),
(65, 16, 1200),
(65, 17, 1345),
(65, 19, 2770),
(66, 2, 140),
(66, 5, 425),
(66, 12, 850),
(66, 16, 1700),
(66, 17, 2150),
(66, 19, 4165),
(67, 9, 32),
(67, 13, 55),
(67, 14, 58),
(68, 3, 19),
(68, 5, 38),
(68, 12, 75),
(68, 13, 100),
(68, 16, 150),
(68, 17, 200),
(69, 3, 30),
(69, 5, 60),
(69, 12, 115),
(69, 16, 230),
(70, 4, 25),
(70, 5, 45),
(70, 12, 90),
(70, 16, 175),
(70, 17, 235),
(71, 5, 45),
(71, 12, 90),
(71, 16, 175),
(72, 5, 40),
(72, 12, 80),
(72, 16, 160),
(73, 5, 143),
(73, 12, 289),
(73, 16, 577),
(74, 5, 35),
(74, 12, 70),
(74, 16, 140),
(75, 17, 2002),
(76, 5, 60),
(76, 12, 115),
(76, 16, 235),
(77, 5, 35),
(77, 12, 75),
(77, 16, 140),
(78, 5, 35),
(78, 12, 75),
(78, 16, 140),
(79, 5, 35),
(79, 12, 75),
(79, 16, 140),
(80, 5, 35),
(80, 12, 75),
(80, 16, 140),
(81, 5, 35),
(81, 12, 75),
(81, 16, 140),
(82, 5, 104),
(82, 12, 207),
(82, 16, 414),
(83, 5, 40),
(83, 12, 80),
(83, 16, 160),
(84, 5, 45),
(84, 12, 90),
(84, 16, 180),
(85, 5, 75),
(85, 12, 150),
(85, 16, 300),
(85, 19, 800),
(86, 7, 68),
(86, 13, 135),
(87, 7, 68),
(87, 13, 135),
(88, 7, 68),
(88, 13, 135),
(89, 7, 68),
(89, 13, 135),
(90, 7, 68),
(90, 13, 135),
(91, 7, 68),
(91, 13, 135),
(92, 5, 50),
(92, 12, 100),
(92, 13, 135),
(92, 16, 200),
(92, 17, 270),
(93, 5, 140),
(93, 12, 285),
(93, 16, 580),
(94, 16, 1272),
(95, 9, 40),
(95, 14, 69),
(96, 13, 56),
(97, 9, 45),
(97, 13, 65),
(97, 14, 90),
(98, 5, 40),
(98, 12, 85),
(98, 16, 165),
(99, 16, 435),
(100, 16, 3875),
(101, 2, 20),
(101, 5, 60),
(101, 12, 120),
(101, 13, 150),
(101, 16, 240),
(102, 2, 20),
(102, 5, 60),
(102, 12, 120),
(102, 13, 150),
(102, 16, 240),
(103, 2, 20),
(103, 5, 60),
(103, 12, 120),
(103, 13, 150),
(103, 16, 240),
(104, 2, 20),
(104, 3, 30),
(104, 5, 60),
(104, 12, 120),
(104, 13, 150),
(104, 16, 240),
(104, 17, 290),
(105, 5, 60),
(105, 12, 120),
(105, 16, 240),
(106, 5, 60),
(106, 12, 120),
(106, 16, 240),
(107, 5, 60),
(107, 12, 120),
(107, 16, 240),
(108, 5, 60),
(108, 12, 120),
(108, 16, 240),
(109, 5, 60),
(109, 12, 120),
(109, 16, 240),
(110, 2, 20),
(110, 3, 30),
(110, 5, 60),
(110, 12, 120),
(110, 13, 150),
(110, 16, 240),
(110, 17, 290),
(111, 5, 125),
(111, 16, 500),
(112, 17, 4585),
(113, 9, 55),
(113, 14, 100),
(114, 9, 60),
(114, 13, 80),
(115, 9, 58),
(115, 13, 85),
(115, 14, 105),
(116, 3, 19),
(116, 5, 38),
(116, 12, 75),
(116, 13, 100),
(116, 16, 150),
(116, 17, 200),
(117, 3, 20),
(117, 5, 38),
(117, 12, 76),
(117, 13, 102),
(117, 16, 152),
(117, 17, 203),
(118, 3, 19),
(118, 5, 38),
(118, 12, 75),
(118, 13, 100),
(118, 16, 150),
(118, 17, 200),
(119, 3, 23),
(119, 5, 45),
(119, 12, 90),
(119, 13, 120),
(119, 16, 180),
(119, 17, 240),
(120, 3, 23),
(120, 5, 45),
(120, 12, 90),
(120, 13, 120),
(120, 16, 180),
(120, 17, 240),
(121, 3, 23),
(121, 5, 45),
(121, 12, 90),
(121, 13, 120),
(121, 16, 180),
(121, 17, 240),
(122, 12, 320),
(122, 16, 610),
(123, 12, 320),
(123, 16, 610),
(124, 16, 0),
(125, 16, 1105),
(126, 16, 1087),
(127, 5, 39),
(127, 12, 77),
(127, 16, 154),
(128, 16, 2940),
(129, 16, 1475),
(130, 5, 65),
(130, 12, 135),
(130, 16, 265),
(131, 5, 130),
(131, 12, 260),
(131, 16, 520),
(132, 5, 45),
(132, 12, 90),
(132, 16, 180),
(133, 3, 35),
(133, 5, 75),
(133, 12, 150),
(133, 13, 200),
(133, 16, 300),
(133, 17, 400),
(134, 15, 1886),
(135, 3, 39),
(135, 5, 78),
(135, 12, 158),
(135, 16, 318),
(136, 16, 1067),
(137, 16, 996),
(138, 11, 160),
(139, 11, 143),
(140, 5, 100),
(140, 12, 200),
(140, 16, 400),
(141, 5, 39),
(141, 12, 78),
(141, 13, 98),
(141, 16, 146),
(141, 17, 195),
(142, 4, 20),
(142, 5, 40),
(142, 12, 85),
(142, 16, 165),
(143, 15, 1263),
(143, 17, 1464),
(144, 15, 3300),
(145, 15, 3600),
(146, 3, 23),
(146, 4, 23),
(146, 5, 45),
(146, 11, 90),
(146, 16, 180),
(147, 3, 20),
(147, 5, 40),
(147, 12, 80),
(147, 13, 107),
(147, 16, 160),
(147, 17, 214),
(148, 3, 20),
(148, 5, 40),
(148, 12, 80),
(148, 13, 107),
(148, 16, 160),
(148, 17, 214),
(149, 3, 20),
(149, 5, 40),
(149, 12, 80),
(149, 13, 107),
(149, 16, 160),
(149, 17, 214),
(150, 5, 50),
(150, 12, 100),
(150, 16, 200),
(151, 5, 40),
(151, 12, 80),
(151, 16, 160),
(152, 16, 900),
(153, 16, 575),
(154, 16, 575),
(155, 16, 575),
(156, 16, 575),
(157, 16, 575),
(158, 16, 2607),
(159, 16, 1423),
(159, 17, 1988),
(160, 16, 450),
(161, 3, 15),
(161, 5, 30),
(161, 12, 60),
(161, 13, 80),
(161, 16, 120),
(161, 17, 160),
(162, 3, 15),
(162, 5, 30),
(162, 12, 60),
(162, 13, 80),
(162, 16, 120),
(162, 17, 160),
(163, 5, 40),
(163, 12, 80),
(163, 16, 160),
(164, 3, 20),
(164, 5, 40),
(164, 12, 80),
(164, 13, 107),
(164, 16, 160),
(164, 17, 214),
(165, 5, 45),
(165, 12, 90),
(165, 16, 175),
(166, 5, 38),
(166, 12, 75),
(166, 16, 150),
(167, 5, 35),
(167, 12, 75),
(167, 16, 140),
(168, 5, 100),
(168, 12, 200),
(168, 16, 400),
(169, 5, 100),
(169, 12, 200),
(169, 16, 400),
(170, 2, 25),
(170, 5, 70),
(170, 12, 145),
(170, 16, 285),
(171, 5, 45),
(171, 12, 85),
(171, 13, 114),
(171, 16, 171),
(171, 17, 227),
(172, 5, 42),
(172, 12, 84),
(172, 16, 168),
(173, 5, 30),
(173, 12, 60),
(173, 16, 120),
(174, 5, 70),
(174, 12, 140),
(174, 16, 280),
(175, 5, 135),
(175, 12, 265),
(175, 16, 530),
(176, 5, 135),
(176, 12, 265),
(176, 16, 530),
(177, 2, 40),
(177, 5, 120),
(177, 12, 240),
(177, 16, 478),
(178, 5, 90),
(178, 12, 185),
(178, 16, 365),
(179, 5, 48),
(179, 12, 96),
(179, 13, 128),
(179, 16, 195),
(179, 17, 256),
(180, 3, 25),
(180, 5, 50),
(180, 12, 100),
(180, 13, 130),
(180, 16, 200),
(180, 17, 260),
(181, 5, 40),
(181, 12, 85),
(181, 16, 165),
(182, 5, 45),
(182, 12, 90),
(182, 16, 175),
(183, 5, 35),
(183, 12, 70),
(183, 16, 140),
(184, 3, 30),
(184, 5, 60),
(184, 12, 120),
(184, 13, 160),
(184, 16, 240),
(184, 17, 320),
(185, 5, 75),
(185, 12, 150),
(185, 16, 300),
(186, 15, 1150),
(187, 16, 1685),
(188, 9, 37),
(188, 14, 65),
(189, 9, 40),
(189, 13, 57),
(190, 9, 35),
(190, 14, 70),
(191, 14, 68),
(192, 13, 57),
(193, 5, 110),
(193, 12, 220),
(193, 16, 445),
(194, 5, 145),
(194, 12, 290),
(194, 16, 580),
(195, 5, 145),
(195, 12, 220),
(195, 16, 445),
(196, 5, 135),
(196, 12, 265),
(196, 16, 530),
(197, 5, 135),
(197, 12, 265),
(197, 16, 530),
(198, 5, 135),
(198, 12, 265),
(198, 16, 530),
(199, 16, 1626),
(200, 16, 981),
(201, 12, 500),
(201, 16, 981),
(202, 12, 417),
(202, 16, 824),
(203, 12, 373),
(203, 16, 741),
(204, 12, 373),
(204, 16, 741),
(205, 12, 373),
(205, 16, 741),
(206, 16, 1106),
(207, 16, 1106),
(208, 5, 30),
(208, 12, 60),
(208, 16, 120),
(209, 5, 30),
(209, 12, 60),
(209, 16, 120),
(210, 16, 1074),
(211, 16, 1075),
(212, 5, 60),
(212, 12, 120),
(212, 16, 245),
(213, 16, 1476),
(214, 16, 1476),
(215, 5, 30),
(215, 12, 60),
(215, 16, 120),
(216, 3, 20),
(216, 5, 40),
(216, 12, 80),
(216, 13, 107),
(216, 16, 160),
(216, 17, 214),
(217, 3, 20),
(217, 5, 40),
(217, 12, 80),
(217, 13, 107),
(217, 16, 160),
(217, 17, 214),
(218, 16, 919),
(219, 16, 918),
(220, 16, 919),
(221, 2, 40),
(221, 16, 500),
(222, 3, 25),
(222, 5, 48),
(222, 12, 95),
(222, 16, 190),
(222, 17, 250),
(223, 5, 48),
(223, 12, 95),
(223, 16, 190),
(224, 5, 48),
(224, 12, 95),
(224, 16, 190),
(225, 16, 4480),
(226, 16, 3830),
(227, 16, 3860),
(228, 5, 70),
(228, 12, 145),
(228, 16, 285),
(229, 5, 70),
(229, 12, 145),
(229, 16, 290),
(230, 5, 70),
(230, 12, 145),
(230, 16, 285),
(231, 5, 45),
(231, 12, 90),
(231, 16, 180),
(232, 5, 35),
(232, 12, 70),
(232, 16, 140),
(233, 3, 20),
(233, 5, 40),
(233, 12, 80),
(233, 13, 100),
(233, 16, 160),
(233, 17, 200),
(234, 5, 45),
(234, 12, 90),
(234, 16, 180),
(235, 5, 45),
(235, 12, 90),
(235, 16, 180),
(236, 5, 50),
(236, 12, 100),
(236, 16, 200),
(237, 5, 45),
(237, 12, 90),
(237, 16, 180),
(238, 5, 55),
(238, 12, 110),
(238, 13, 147),
(238, 16, 220),
(238, 17, 294),
(239, 16, 1086),
(240, 3, 30),
(240, 5, 60),
(240, 12, 120),
(240, 13, 185),
(240, 16, 240),
(240, 17, 300),
(241, 5, 45),
(241, 12, 90),
(241, 16, 180),
(242, 5, 55),
(242, 12, 115),
(242, 13, 155),
(242, 16, 230),
(243, 14, 59),
(244, 5, 60),
(244, 12, 115),
(244, 16, 230),
(245, 5, 37),
(245, 12, 75),
(245, 16, 150),
(246, 3, 29),
(246, 5, 57),
(246, 12, 116),
(246, 16, 232),
(247, 5, 37),
(247, 12, 74),
(247, 16, 148),
(248, 5, 40),
(248, 12, 85),
(248, 16, 165),
(249, 5, 40),
(249, 12, 85),
(249, 16, 165),
(250, 5, 40),
(250, 12, 85),
(250, 16, 165),
(251, 3, 45),
(251, 5, 90),
(251, 12, 180),
(251, 13, 240),
(251, 16, 360),
(251, 17, 480),
(252, 3, 45),
(252, 5, 90),
(252, 12, 180),
(252, 16, 360),
(253, 5, 75),
(253, 12, 150),
(253, 13, 200),
(253, 16, 300),
(253, 17, 400),
(254, 2, 65),
(254, 12, 410),
(254, 16, 800),
(254, 18, 1750),
(254, 20, 3860),
(255, 5, 60),
(255, 12, 120),
(255, 16, 240),
(256, 16, 1440),
(257, 4, 25),
(257, 5, 45),
(257, 6, 45),
(257, 12, 90),
(257, 16, 175),
(258, 4, 30),
(258, 5, 50),
(258, 6, 55),
(258, 12, 105),
(258, 16, 210),
(258, 17, 280),
(259, 4, 30),
(259, 5, 50),
(259, 6, 55),
(259, 12, 105),
(259, 16, 210),
(259, 17, 280),
(260, 4, 30),
(260, 5, 50),
(260, 6, 55),
(260, 12, 105),
(260, 16, 210),
(260, 17, 280),
(261, 5, 38),
(261, 12, 75),
(261, 16, 150),
(262, 5, 30),
(262, 12, 60),
(262, 16, 120),
(263, 3, 19),
(263, 5, 38),
(263, 12, 75),
(263, 13, 100),
(263, 16, 150),
(263, 17, 200),
(264, 3, 23),
(264, 5, 45),
(264, 12, 90),
(264, 16, 180),
(264, 17, 240),
(265, 5, 45),
(265, 12, 90),
(265, 16, 180),
(266, 16, 2886),
(267, 3, 25),
(267, 5, 50),
(267, 12, 100),
(267, 13, 133),
(267, 16, 200),
(267, 17, 266),
(268, 2, 80),
(268, 5, 210),
(268, 16, 820),
(269, 9, 35),
(269, 14, 59),
(270, 9, 39),
(270, 13, 53),
(271, 5, 40),
(271, 12, 80),
(271, 16, 165),
(272, 3, 22),
(272, 5, 40),
(272, 12, 80),
(272, 16, 165),
(273, 5, 40),
(273, 12, 80),
(273, 16, 165),
(274, 5, 40),
(274, 12, 80),
(274, 16, 165),
(275, 3, 22),
(275, 5, 40),
(275, 12, 80),
(275, 16, 165),
(276, 9, 60),
(276, 14, 110),
(277, 1, 310),
(277, 10, 2140),
(277, 15, 4271),
(278, 1, 813),
(278, 15, 11201),
(279, 1, 170),
(279, 10, 2074),
(279, 15, 2333),
(280, 5, 70),
(280, 12, 140),
(280, 16, 280),
(281, 14, 65),
(282, 5, 70),
(282, 12, 140),
(282, 16, 280),
(283, 5, 50),
(283, 12, 100),
(283, 16, 200),
(284, 5, 50),
(284, 12, 100),
(284, 16, 200),
(285, 5, 45),
(285, 12, 90),
(285, 16, 180),
(286, 5, 295),
(286, 16, 1150),
(287, 5, 60),
(287, 12, 115),
(287, 13, 155),
(287, 16, 235),
(287, 17, 290),
(288, 5, 60),
(289, 5, 50),
(289, 12, 100),
(289, 16, 195),
(290, 5, 50),
(290, 12, 100),
(290, 16, 200),
(291, 3, 20),
(291, 5, 40),
(291, 12, 80),
(291, 13, 107),
(291, 16, 160),
(291, 17, 215),
(292, 4, 20),
(292, 5, 35),
(292, 12, 75),
(292, 16, 140),
(293, 8, 35),
(293, 14, 65),
(294, 8, 40),
(294, 13, 50),
(295, 5, 45),
(295, 12, 90),
(295, 16, 175),
(296, 5, 45),
(296, 12, 90),
(296, 16, 175),
(297, 15, 3000),
(298, 15, 2600),
(299, 16, 1435),
(300, 16, 2735),
(301, 16, 550),
(302, 5, 110),
(302, 12, 220),
(302, 16, 435),
(303, 16, 380),
(304, 3, 27),
(304, 5, 50),
(304, 12, 100),
(304, 13, 130),
(304, 16, 195),
(304, 17, 260),
(305, 16, 1420),
(305, 17, 1890),
(306, 16, 2675),
(307, 16, 13350),
(308, 16, 4000),
(309, 16, 3600),
(310, 12, 780),
(310, 16, 1490),
(311, 5, 65),
(311, 12, 125),
(311, 16, 250),
(312, 3, 20),
(312, 5, 40),
(312, 12, 80),
(312, 16, 160),
(312, 17, 214),
(313, 14, 59),
(314, 5, 35),
(314, 12, 70),
(314, 16, 140),
(315, 5, 35),
(315, 12, 70),
(315, 16, 140),
(316, 3, 25),
(316, 5, 50),
(316, 12, 100),
(316, 13, 135),
(316, 16, 200),
(316, 17, 270),
(317, 10, 252),
(317, 16, 1050),
(318, 12, 525),
(318, 16, 1050),
(319, 9, 37),
(319, 14, 65),
(320, 9, 40),
(320, 13, 57),
(321, 16, 866),
(322, 16, 866),
(323, 16, 866),
(324, 13, 50),
(325, 9, 33),
(325, 14, 59),
(326, 9, 38),
(327, 13, 55),
(328, 9, 39),
(328, 13, 53),
(329, 9, 35),
(329, 14, 65),
(330, 9, 50),
(330, 13, 70),
(330, 14, 90),
(331, 3, 33),
(331, 5, 65),
(331, 12, 130),
(331, 16, 260),
(332, 5, 40),
(332, 12, 80),
(332, 16, 160),
(333, 5, 80),
(333, 12, 160),
(333, 16, 320),
(334, 9, 33),
(334, 14, 61),
(335, 9, 36),
(336, 9, 47),
(337, 5, 39),
(337, 12, 77),
(337, 16, 154),
(338, 4, 22),
(339, 5, 45),
(339, 12, 90),
(339, 13, 120),
(339, 16, 180),
(339, 17, 240),
(340, 2, 80),
(340, 4, 135),
(340, 5, 245),
(340, 6, 255),
(340, 12, 480),
(340, 13, 545),
(340, 16, 790),
(340, 17, 1435),
(341, 16, 880),
(342, 3, 22),
(342, 5, 40),
(342, 12, 80),
(342, 13, 105),
(342, 16, 160),
(342, 17, 210),
(343, 3, 22),
(343, 5, 40),
(343, 12, 80),
(343, 13, 105),
(343, 16, 160),
(343, 17, 210),
(344, 5, 50),
(344, 12, 100),
(344, 13, 135),
(344, 16, 200),
(344, 17, 270),
(345, 5, 80),
(345, 12, 160),
(345, 16, 320),
(346, 16, 0),
(347, 16, 0),
(348, 3, 23),
(348, 5, 45),
(348, 12, 90),
(348, 13, 120),
(348, 16, 180),
(348, 17, 240),
(349, 5, 45),
(349, 12, 90),
(349, 16, 180),
(350, 5, 45),
(350, 12, 90),
(350, 16, 175),
(351, 5, 75),
(351, 12, 150),
(351, 16, 300),
(352, 5, 74),
(352, 12, 148),
(352, 16, 296),
(353, 5, 50),
(353, 12, 100),
(353, 13, 130),
(353, 16, 200),
(353, 17, 260),
(354, 5, 58),
(354, 12, 118),
(354, 16, 237),
(355, 5, 75),
(355, 12, 155),
(355, 16, 310),
(356, 12, 260),
(356, 16, 495),
(357, 12, 260),
(357, 16, 495),
(358, 13, 57),
(359, 5, 46),
(359, 12, 94),
(359, 16, 188),
(360, 3, 21),
(360, 5, 40),
(360, 12, 80),
(360, 13, 105),
(360, 16, 160),
(360, 17, 210),
(361, 3, 21),
(361, 5, 40),
(361, 12, 80),
(361, 13, 105),
(361, 16, 160),
(361, 17, 210),
(362, 5, 46),
(362, 12, 94),
(362, 16, 188),
(363, 5, 100),
(363, 12, 200),
(363, 16, 400),
(364, 5, 100),
(364, 12, 200),
(364, 16, 400),
(365, 16, 1446),
(366, 16, 1445),
(367, 5, 35),
(367, 12, 70),
(367, 16, 140),
(368, 3, 20),
(368, 5, 40),
(368, 12, 80),
(368, 13, 107),
(368, 16, 160),
(368, 17, 214),
(369, 3, 20),
(369, 5, 40),
(369, 12, 80),
(369, 16, 160),
(369, 17, 214),
(370, 5, 135),
(370, 12, 270),
(370, 16, 540),
(371, 5, 40),
(371, 12, 80),
(371, 16, 160),
(372, 16, 1029),
(373, 16, 1068),
(374, 5, 45),
(374, 12, 90),
(374, 16, 180),
(375, 17, 1342),
(376, 17, 1342),
(377, 5, 45),
(377, 12, 90),
(377, 16, 175),
(378, 5, 55),
(378, 12, 110),
(378, 16, 215),
(379, 5, 68),
(379, 12, 138),
(379, 16, 275),
(380, 5, 55),
(380, 12, 100),
(380, 16, 200),
(380, 17, 260),
(381, 5, 60),
(381, 12, 115),
(381, 16, 230),
(382, 5, 65),
(382, 12, 125),
(382, 16, 250),
(383, 5, 100),
(383, 12, 205),
(383, 16, 410),
(384, 5, 60),
(384, 12, 115),
(384, 16, 235),
(385, 5, 65),
(385, 12, 125),
(385, 16, 250),
(385, 17, 335),
(386, 5, 60),
(386, 12, 115),
(386, 16, 235),
(386, 17, 290),
(387, 5, 90),
(387, 12, 175),
(387, 16, 350),
(387, 17, 410),
(388, 2, 30),
(388, 5, 75),
(388, 12, 155),
(388, 16, 310),
(388, 17, 400),
(389, 5, 70),
(389, 12, 135),
(389, 16, 265),
(390, 2, 70),
(390, 16, 830),
(391, 3, 33),
(391, 5, 65),
(391, 12, 135),
(391, 13, 165),
(391, 16, 265),
(391, 17, 335),
(392, 5, 45),
(392, 12, 90),
(392, 16, 180),
(393, 5, 40),
(393, 12, 80),
(393, 13, 105),
(393, 16, 160),
(393, 17, 210),
(394, 5, 40),
(394, 12, 80),
(394, 13, 105),
(394, 16, 160),
(394, 17, 210),
(395, 3, 25),
(395, 4, 25),
(395, 5, 50),
(395, 12, 100),
(395, 16, 200),
(396, 3, 35),
(396, 5, 70),
(396, 12, 140),
(396, 16, 280),
(396, 17, 374),
(397, 5, 40),
(397, 12, 80),
(397, 16, 160),
(398, 15, 1879),
(399, 3, 20),
(399, 5, 38),
(399, 12, 76),
(399, 13, 102),
(399, 16, 152),
(399, 17, 203),
(400, 3, 23),
(400, 5, 46),
(400, 12, 94),
(400, 13, 124),
(400, 16, 188),
(400, 17, 248),
(401, 3, 20),
(401, 5, 38),
(401, 12, 76),
(401, 13, 102),
(401, 16, 152),
(401, 17, 203),
(402, 2, 25),
(402, 5, 60),
(402, 12, 120),
(402, 13, 155),
(402, 16, 240),
(402, 17, 310),
(403, 5, 85),
(403, 12, 170),
(403, 16, 340),
(404, 2, 25),
(404, 5, 60),
(404, 12, 120),
(404, 13, 155),
(404, 16, 240),
(404, 17, 310),
(405, 5, 60),
(405, 12, 120),
(405, 13, 160),
(405, 16, 240),
(405, 17, 320),
(406, 2, 25),
(406, 5, 60),
(406, 12, 120),
(406, 13, 155),
(406, 16, 240),
(406, 17, 310),
(407, 5, 55),
(407, 12, 110),
(407, 16, 215),
(408, 5, 65),
(408, 12, 130),
(408, 13, 175),
(408, 16, 260),
(408, 17, 350),
(409, 2, 25),
(409, 5, 60),
(409, 12, 120),
(409, 13, 155),
(409, 16, 240),
(409, 17, 310),
(410, 5, 55),
(410, 12, 110),
(410, 13, 147),
(410, 16, 220),
(410, 17, 293),
(411, 3, 0),
(411, 5, 55),
(411, 12, 110),
(411, 13, 147),
(411, 16, 220),
(411, 17, 293),
(412, 12, 2790),
(412, 16, 5127),
(413, 3, 35),
(413, 5, 70),
(413, 12, 140),
(413, 16, 280),
(414, 5, 140),
(414, 12, 280),
(414, 16, 560),
(415, 16, 1070),
(416, 15, 1790),
(417, 14, 65),
(418, 5, 45),
(418, 12, 90),
(418, 16, 180),
(419, 5, 45),
(419, 12, 90),
(419, 16, 180),
(420, 5, 40),
(420, 12, 80),
(420, 16, 160),
(421, 5, 80),
(421, 12, 160),
(421, 16, 320),
(422, 12, 330),
(422, 16, 650),
(423, 12, 330),
(423, 16, 650),
(424, 5, 95),
(424, 12, 190),
(424, 16, 380),
(425, 7, 68),
(426, 7, 68),
(427, 7, 68),
(428, 7, 68),
(429, 7, 68),
(430, 2, 29),
(430, 5, 78),
(430, 12, 159),
(430, 16, 318),
(430, 17, 100),
(431, 2, 39),
(431, 3, 39),
(431, 5, 78),
(431, 12, 159),
(431, 13, 212),
(431, 16, 318),
(431, 17, 400),
(432, 5, 89),
(432, 12, 175),
(432, 16, 350),
(433, 5, 89),
(433, 12, 175),
(433, 16, 350),
(434, 5, 60),
(434, 12, 120),
(434, 16, 240),
(435, 5, 60),
(435, 12, 120),
(435, 16, 240),
(436, 5, 69),
(436, 12, 139),
(436, 16, 278),
(437, 5, 100),
(437, 12, 200),
(437, 16, 400),
(438, 2, 20),
(438, 3, 30),
(438, 5, 60),
(438, 12, 115),
(438, 13, 155),
(438, 16, 235),
(438, 17, 290),
(439, 5, 60),
(440, 16, 1312),
(441, 16, 1312),
(442, 3, 25),
(442, 5, 50),
(442, 12, 100),
(442, 16, 200),
(442, 17, 268),
(443, 5, 79),
(443, 12, 160),
(443, 16, 320),
(444, 5, 50),
(445, 3, 25),
(445, 5, 50),
(445, 12, 100),
(445, 13, 135),
(445, 16, 200),
(445, 17, 270),
(446, 5, 55),
(446, 12, 110),
(446, 16, 220),
(447, 5, 55),
(447, 12, 110),
(447, 16, 220),
(448, 16, 280),
(449, 3, 30),
(449, 5, 60),
(449, 12, 115),
(449, 13, 155),
(449, 16, 230),
(450, 5, 55),
(450, 12, 105),
(450, 16, 210),
(451, 5, 67),
(451, 12, 137),
(451, 16, 274),
(452, 6, 500),
(453, 5, 45),
(453, 12, 90),
(453, 16, 180),
(454, 5, 38),
(454, 12, 75),
(454, 16, 150),
(455, 5, 30),
(455, 12, 60),
(455, 16, 120),
(456, 3, 22),
(456, 5, 40),
(456, 12, 80),
(456, 13, 105),
(456, 16, 160),
(456, 17, 210),
(457, 16, 0),
(458, 5, 50),
(458, 12, 100),
(458, 16, 200),
(458, 17, 268),
(459, 5, 50),
(459, 12, 100),
(459, 16, 200),
(459, 17, 268),
(460, 13, 0),
(460, 14, 55),
(461, 3, 28),
(461, 5, 55),
(461, 12, 110),
(461, 13, 145),
(461, 16, 220),
(461, 17, 295),
(462, 16, 2075),
(463, 5, 140),
(463, 12, 275),
(463, 16, 550),
(463, 17, 690),
(464, 5, 40),
(464, 12, 80),
(464, 16, 160),
(465, 16, 2750),
(466, 16, 4696),
(467, 5, 70),
(467, 12, 145),
(467, 16, 285),
(468, 5, 70),
(468, 12, 145),
(468, 16, 285),
(469, 3, 22),
(469, 5, 65),
(469, 12, 135),
(469, 16, 265),
(470, 5, 70),
(470, 12, 145),
(470, 16, 285),
(471, 5, 70),
(471, 12, 145),
(471, 16, 285),
(472, 5, 70),
(472, 12, 145),
(472, 16, 285),
(473, 5, 38),
(473, 12, 75),
(473, 16, 150),
(474, 5, 88),
(474, 12, 175),
(474, 16, 350),
(475, 5, 94),
(475, 12, 188),
(475, 16, 376),
(476, 5, 105),
(476, 12, 195),
(476, 16, 305),
(477, 8, 35),
(477, 13, 50),
(477, 14, 65),
(478, 3, 20),
(478, 5, 40),
(478, 12, 80),
(478, 13, 107),
(478, 16, 160),
(478, 17, 214),
(479, 3, 20),
(479, 5, 40),
(479, 12, 80),
(479, 13, 107),
(479, 16, 160),
(479, 17, 214),
(480, 3, 18),
(480, 5, 35),
(480, 12, 70),
(480, 13, 94),
(480, 16, 140),
(480, 17, 187),
(481, 3, 18),
(481, 5, 35),
(481, 12, 70),
(481, 13, 93),
(481, 16, 140),
(481, 17, 186),
(482, 7, 60),
(483, 7, 60),
(484, 7, 60),
(485, 7, 60),
(486, 7, 60),
(487, 7, 60),
(488, 5, 37),
(488, 12, 74),
(488, 16, 148),
(489, 5, 37),
(489, 12, 74),
(489, 16, 148),
(490, 5, 40),
(490, 12, 80),
(490, 16, 165),
(491, 5, 40),
(491, 12, 80),
(491, 16, 165),
(492, 3, 22),
(492, 5, 40),
(492, 12, 80),
(492, 13, 110),
(492, 16, 160),
(493, 5, 50),
(493, 12, 100),
(493, 13, 135),
(493, 16, 200),
(493, 17, 270),
(494, 5, 80),
(494, 12, 165),
(494, 16, 330),
(495, 5, 38),
(495, 12, 75),
(495, 13, 100),
(495, 16, 150),
(495, 17, 200),
(496, 16, 1555),
(497, 15, 1472),
(498, 3, 23),
(498, 5, 45),
(498, 12, 90),
(498, 13, 120),
(498, 16, 180),
(498, 17, 240),
(499, 5, 80),
(499, 12, 160),
(499, 16, 320),
(500, 5, 60),
(500, 12, 125),
(500, 13, 165),
(500, 16, 245),
(500, 17, 325),
(501, 5, 30),
(501, 12, 60),
(501, 16, 120),
(502, 3, 20),
(502, 5, 38),
(502, 12, 76),
(502, 13, 102),
(502, 16, 152),
(502, 17, 203),
(503, 3, 20),
(503, 5, 38),
(503, 12, 76),
(503, 13, 102),
(503, 16, 152),
(503, 17, 203),
(504, 3, 20),
(504, 5, 38),
(504, 12, 76),
(504, 13, 102),
(504, 16, 152),
(504, 17, 203),
(505, 5, 45),
(505, 12, 90),
(505, 16, 175),
(506, 5, 40),
(506, 12, 85),
(506, 16, 165),
(507, 5, 93),
(507, 12, 186),
(507, 16, 372),
(508, 3, 22),
(508, 5, 40),
(508, 12, 80),
(508, 13, 105),
(508, 16, 160),
(508, 17, 210),
(509, 5, 40),
(509, 12, 80),
(509, 16, 160),
(510, 15, 11636),
(511, 1, 335),
(511, 15, 4136),
(512, 15, 11636),
(513, 2, 20),
(513, 4, 35),
(513, 5, 60),
(513, 6, 65),
(513, 10, 120),
(513, 12, 125),
(513, 13, 165),
(513, 16, 250),
(513, 17, 330),
(514, 16, 0),
(515, 5, 75),
(515, 12, 150),
(515, 16, 300),
(516, 5, 85),
(516, 12, 170),
(516, 16, 340),
(517, 5, 60),
(517, 12, 120),
(517, 13, 150),
(517, 16, 240),
(518, 5, 60),
(518, 12, 120),
(518, 13, 150),
(518, 16, 240),
(519, 5, 60),
(519, 12, 120),
(519, 13, 150),
(519, 16, 240),
(520, 5, 60),
(520, 12, 120),
(520, 13, 150),
(520, 16, 240),
(521, 1, 0),
(521, 16, 0),
(521, 18, 0),
(522, 5, 85),
(522, 12, 170),
(522, 16, 340),
(523, 5, 45),
(523, 12, 90),
(523, 16, 180),
(524, 2, 60),
(524, 5, 150),
(524, 16, 590),
(525, 5, 40),
(525, 12, 80),
(525, 16, 160),
(526, 3, 29),
(526, 5, 60),
(526, 12, 115),
(526, 13, 155),
(526, 16, 235),
(527, 5, 120),
(527, 12, 245),
(527, 16, 490),
(528, 2, 42),
(528, 5, 120),
(528, 12, 245),
(528, 16, 490),
(528, 17, 650),
(528, 19, 1150),
(529, 9, 33),
(529, 14, 59),
(530, 9, 38),
(530, 13, 50),
(531, 7, 25),
(531, 14, 68),
(532, 2, 30),
(532, 4, 45),
(532, 5, 85),
(532, 6, 90),
(532, 10, 160),
(532, 12, 170),
(532, 13, 225),
(532, 16, 335),
(532, 17, 445),
(533, 5, 35),
(533, 12, 70),
(533, 13, 93),
(533, 16, 140),
(533, 17, 186),
(534, 3, 20),
(534, 5, 40),
(534, 12, 80),
(534, 13, 105),
(534, 16, 160),
(534, 17, 210),
(535, 3, 20),
(535, 5, 35),
(535, 12, 75),
(535, 13, 100),
(535, 16, 150),
(535, 17, 200),
(536, 5, 45),
(536, 12, 90),
(536, 16, 180),
(537, 5, 45),
(537, 12, 90),
(537, 16, 180),
(538, 3, 20),
(538, 5, 38),
(538, 12, 76),
(538, 13, 102),
(538, 16, 152),
(538, 17, 203),
(539, 3, 23),
(539, 5, 46),
(539, 12, 93),
(539, 13, 124),
(539, 16, 186),
(539, 17, 248),
(540, 3, 22),
(540, 5, 40),
(540, 12, 80),
(540, 13, 105),
(540, 16, 160),
(540, 17, 210),
(541, 3, 22),
(541, 5, 40),
(541, 12, 80),
(541, 13, 105),
(541, 16, 160),
(541, 17, 210),
(542, 1, 0),
(542, 5, 0),
(542, 6, 0),
(542, 12, 0),
(542, 16, 0),
(543, 5, 68),
(543, 12, 138),
(543, 16, 275),
(544, 3, 35),
(544, 5, 70),
(544, 12, 140),
(544, 13, 185),
(544, 16, 280),
(545, 5, 37),
(545, 12, 74),
(545, 16, 148),
(546, 3, 95),
(546, 16, 800),
(547, 3, 35),
(547, 5, 75),
(547, 12, 150),
(547, 13, 200),
(547, 16, 300),
(547, 17, 400),
(548, 3, 35),
(548, 5, 65),
(548, 12, 130),
(548, 13, 170),
(548, 16, 260),
(548, 17, 340),
(549, 5, 50),
(549, 12, 100),
(549, 16, 200),
(550, 5, 45),
(550, 12, 90),
(550, 16, 180),
(551, 5, 45),
(551, 12, 90),
(551, 13, 120),
(551, 16, 180),
(551, 17, 240),
(552, 12, 225),
(552, 16, 420),
(553, 12, 225),
(553, 16, 420),
(554, 15, 1390),
(555, 16, 562),
(556, 16, 562),
(557, 15, 1605),
(557, 17, 2225),
(558, 5, 305),
(558, 12, 560),
(558, 16, 1090),
(559, 5, 150),
(559, 12, 300),
(559, 16, 600),
(560, 5, 210),
(560, 12, 415),
(560, 16, 830),
(561, 5, 99),
(561, 12, 200),
(561, 16, 400),
(562, 5, 99),
(562, 12, 200),
(562, 16, 400),
(563, 5, 95),
(563, 12, 185),
(563, 16, 370),
(564, 5, 75),
(564, 12, 150),
(564, 16, 300),
(565, 16, 610),
(566, 16, 610),
(567, 16, 610),
(568, 16, 610),
(569, 16, 610),
(570, 5, 120),
(570, 12, 245),
(570, 16, 490),
(571, 5, 90),
(571, 12, 175),
(571, 16, 350),
(572, 5, 45),
(572, 12, 90),
(572, 16, 175),
(573, 16, 341),
(574, 15, 49000),
(575, 5, 89),
(575, 16, 360),
(576, 5, 85),
(576, 12, 175),
(576, 16, 340),
(577, 5, 88),
(577, 16, 355),
(578, 5, 170),
(578, 12, 340),
(578, 16, 675),
(578, 17, 900),
(579, 5, 150),
(579, 12, 300),
(579, 16, 600),
(579, 17, 765),
(580, 2, 50),
(580, 5, 150),
(580, 12, 300),
(580, 16, 600),
(580, 17, 765),
(580, 19, 1320),
(581, 15, 1815),
(582, 15, 1815),
(583, 16, 1690),
(584, 15, 1560),
(585, 2, 60),
(585, 5, 130),
(585, 16, 500),
(586, 2, 62),
(586, 5, 135),
(586, 16, 520),
(587, 2, 60),
(587, 5, 130),
(587, 16, 500),
(588, 2, 60),
(588, 5, 130),
(588, 16, 500),
(589, 2, 49),
(589, 5, 150),
(589, 16, 570),
(590, 2, 60),
(590, 5, 130),
(590, 16, 500),
(591, 2, 45),
(591, 5, 118),
(591, 12, 240),
(591, 16, 475),
(591, 17, 600),
(592, 2, 60),
(592, 5, 130),
(592, 16, 500),
(593, 5, 59),
(593, 12, 120),
(593, 16, 240),
(594, 5, 70),
(594, 12, 140),
(594, 16, 280),
(595, 14, 70),
(596, 3, 30),
(596, 5, 58),
(596, 12, 120),
(596, 13, 180),
(596, 16, 240),
(596, 17, 320),
(597, 5, 0),
(597, 12, 0),
(597, 16, 0),
(598, 5, 75),
(598, 12, 150),
(598, 16, 300),
(599, 3, 20),
(599, 5, 40),
(599, 12, 80),
(599, 13, 107),
(599, 16, 160),
(599, 17, 214),
(600, 12, 619),
(600, 15, 1311),
(600, 17, 1832),
(601, 15, 1850),
(602, 12, 385),
(602, 16, 771),
(603, 12, 525),
(603, 16, 990),
(603, 18, 1980),
(604, 12, 500),
(604, 16, 850),
(605, 12, 420),
(605, 16, 770),
(606, 16, 1200),
(607, 16, 575),
(608, 12, 465),
(608, 16, 800),
(609, 12, 480),
(609, 16, 825),
(610, 5, 30),
(610, 12, 60),
(610, 16, 120),
(611, 3, 20),
(611, 5, 40),
(611, 12, 80),
(611, 13, 107),
(611, 16, 160),
(611, 17, 214),
(612, 3, 22),
(612, 5, 40),
(612, 12, 80),
(612, 13, 110),
(612, 16, 160),
(612, 17, 220),
(613, 16, 3830),
(614, 5, 40),
(614, 12, 80),
(614, 16, 160),
(615, 2, 140),
(615, 5, 425),
(615, 12, 850),
(615, 16, 1700),
(616, 2, 95),
(616, 5, 290),
(616, 12, 545),
(616, 16, 1070),
(616, 17, 1415),
(617, 2, 150),
(617, 12, 885),
(617, 16, 1765),
(618, 5, 40),
(618, 12, 80),
(618, 13, 107),
(618, 16, 160),
(618, 17, 214),
(619, 5, 40),
(619, 12, 80),
(619, 13, 107),
(619, 16, 160),
(619, 17, 214),
(620, 13, 50),
(620, 14, 65),
(621, 16, 1475),
(623, 8, 370),
(623, 16, 550),
(624, 5, 340),
(624, 12, 280),
(625, 5, 270),
(625, 12, 260),
(625, 14, 250),
(626, 14, 350),
(627, 8, 320),
(628, 3, 25),
(628, 5, 50),
(628, 12, 100),
(628, 13, 134),
(628, 16, 200),
(628, 17, 268),
(629, 5, 45),
(629, 12, 90),
(629, 16, 175),
(630, 5, 48),
(630, 12, 95),
(630, 13, 127),
(630, 16, 190),
(630, 17, 254),
(631, 18, 140),
(632, 9, 35),
(632, 14, 65),
(633, 5, 280),
(633, 12, 550),
(633, 13, 715),
(633, 16, 1070),
(633, 17, 1425),
(634, 5, 220),
(634, 12, 440),
(634, 16, 875),
(635, 2, 30),
(635, 5, 75),
(635, 12, 150),
(635, 13, 200),
(635, 16, 300),
(635, 17, 400),
(636, 4, 40),
(636, 5, 70),
(636, 12, 145),
(636, 13, 190),
(636, 16, 285),
(636, 17, 380),
(637, 4, 40),
(637, 5, 70),
(637, 12, 145),
(637, 13, 190),
(637, 16, 285),
(637, 17, 380),
(638, 4, 40),
(638, 5, 85),
(638, 12, 170),
(638, 13, 225),
(638, 16, 335),
(638, 17, 445),
(639, 4, 40),
(639, 5, 70),
(639, 12, 145),
(639, 13, 190),
(639, 16, 285),
(639, 17, 380),
(640, 4, 40),
(640, 5, 75),
(640, 12, 150),
(640, 13, 200),
(640, 16, 300),
(640, 17, 400),
(641, 12, 230),
(641, 16, 460),
(642, 5, 185),
(642, 12, 355),
(642, 13, 475),
(642, 16, 675),
(642, 17, 905),
(643, 12, 230),
(643, 16, 460),
(644, 16, 918),
(645, 16, 919),
(646, 3, 30),
(646, 5, 60),
(646, 12, 120),
(646, 13, 160),
(646, 16, 240),
(646, 17, 320),
(647, 3, 38),
(647, 5, 75),
(647, 12, 150),
(647, 13, 200),
(647, 16, 300),
(647, 17, 400),
(648, 5, 90),
(648, 12, 180),
(648, 16, 360),
(649, 5, 70),
(649, 12, 140),
(649, 16, 280),
(650, 5, 58),
(650, 12, 110),
(650, 13, 145),
(650, 16, 220),
(650, 17, 290),
(651, 5, 75),
(651, 12, 150),
(651, 16, 300),
(652, 5, 65),
(652, 12, 130),
(652, 16, 260),
(653, 5, 35),
(653, 12, 70),
(653, 16, 140),
(654, 3, 20),
(654, 5, 40),
(654, 12, 80),
(654, 13, 100),
(654, 16, 160),
(654, 17, 200),
(655, 5, 60),
(655, 12, 120),
(655, 13, 160),
(655, 16, 240),
(656, 5, 58),
(656, 12, 117),
(656, 16, 234),
(657, 15, 1311),
(657, 17, 1519),
(658, 5, 50),
(658, 12, 100),
(658, 13, 135),
(658, 16, 200),
(658, 17, 270),
(659, 9, 36),
(659, 13, 55),
(659, 14, 60),
(660, 9, 45),
(660, 13, 60),
(660, 14, 75),
(661, 3, 20),
(661, 5, 38),
(661, 12, 76),
(661, 13, 102),
(661, 16, 152),
(661, 17, 203),
(662, 16, 1295),
(663, 16, 1295),
(664, 16, 1297),
(665, 16, 1295),
(666, 5, 63),
(666, 12, 125),
(666, 16, 250),
(667, 2, 100),
(667, 12, 540),
(667, 16, 1050),
(668, 3, 28),
(668, 5, 55),
(668, 12, 110),
(668, 13, 145),
(668, 16, 220),
(668, 17, 250),
(669, 16, 341),
(670, 12, 3048),
(670, 16, 5381),
(671, 16, 1133),
(672, 5, 35),
(672, 12, 70),
(672, 16, 140),
(673, 4, 40),
(673, 5, 75),
(673, 12, 150),
(673, 13, 200),
(673, 16, 295),
(673, 17, 395),
(674, 4, 20),
(674, 5, 35),
(674, 12, 75),
(674, 16, 140),
(675, 5, 45),
(675, 12, 90),
(675, 16, 175),
(675, 17, 235),
(676, 4, 25),
(676, 5, 45),
(676, 6, 45),
(676, 12, 90),
(676, 16, 175),
(676, 17, 235),
(677, 5, 70),
(677, 12, 145),
(677, 16, 285),
(678, 4, 25),
(678, 5, 45),
(678, 6, 50),
(678, 12, 90),
(678, 13, 120),
(678, 16, 185),
(678, 17, 245),
(679, 4, 25),
(679, 5, 45),
(679, 6, 50),
(679, 12, 90),
(679, 13, 120),
(679, 16, 185),
(679, 17, 245),
(680, 4, 25),
(680, 5, 45),
(680, 6, 50),
(680, 12, 90),
(680, 13, 120),
(680, 16, 185),
(680, 17, 245),
(681, 5, 70),
(681, 12, 145),
(681, 16, 285),
(682, 4, 35),
(682, 5, 60),
(682, 12, 125),
(682, 13, 165),
(682, 16, 250),
(682, 17, 330),
(683, 5, 75),
(683, 12, 150),
(683, 16, 295),
(684, 5, 65),
(684, 12, 130),
(684, 13, 175),
(684, 16, 260),
(684, 17, 345),
(685, 5, 65),
(685, 12, 130),
(685, 13, 175),
(685, 16, 260),
(685, 17, 345),
(686, 5, 65),
(686, 12, 130),
(686, 13, 175),
(686, 16, 260),
(686, 17, 345),
(687, 5, 65),
(687, 12, 130),
(687, 13, 175),
(687, 16, 260),
(687, 17, 345),
(688, 5, 65),
(688, 12, 130),
(688, 13, 175),
(688, 16, 260),
(688, 17, 345),
(689, 5, 50),
(689, 12, 100),
(689, 13, 130),
(689, 16, 200),
(689, 17, 260),
(690, 16, 341),
(691, 5, 45),
(691, 12, 90),
(691, 16, 180),
(692, 16, 1000),
(693, 12, 375),
(693, 16, 750),
(694, 12, 375),
(694, 16, 750),
(695, 12, 215),
(695, 16, 425),
(696, 12, 215),
(696, 16, 425),
(697, 12, 375),
(697, 16, 750),
(698, 5, 60),
(698, 12, 125),
(698, 16, 250),
(699, 2, 45),
(699, 5, 120),
(699, 16, 475),
(700, 2, 50),
(700, 5, 130),
(700, 16, 500),
(701, 2, 50),
(701, 5, 130),
(701, 16, 500),
(702, 2, 150),
(702, 5, 130),
(702, 16, 500),
(703, 16, 950),
(704, 14, 65),
(705, 3, 30),
(705, 5, 60),
(705, 12, 120),
(705, 13, 160),
(705, 16, 240),
(705, 17, 320),
(706, 5, 43),
(706, 12, 85),
(706, 13, 113),
(706, 16, 170),
(707, 3, 30),
(707, 5, 60),
(707, 12, 120),
(707, 16, 240),
(708, 5, 50),
(708, 12, 95),
(708, 16, 190),
(709, 5, 55),
(709, 12, 110),
(709, 13, 140),
(709, 16, 225),
(709, 17, 285),
(710, 5, 65),
(710, 12, 135),
(710, 16, 270),
(711, 5, 45),
(711, 12, 90),
(711, 13, 120),
(711, 16, 180),
(711, 17, 240),
(712, 15, 2400),
(713, 15, 3600),
(714, 2, 95),
(714, 5, 280),
(714, 12, 550),
(714, 16, 1020),
(715, 5, 37),
(715, 12, 74),
(715, 16, 148),
(716, 2, 45),
(716, 3, 65),
(716, 5, 120),
(716, 12, 240),
(716, 16, 485),
(717, 5, 130),
(717, 16, 510),
(718, 5, 130),
(718, 16, 510),
(719, 5, 130),
(719, 16, 510),
(720, 3, 20),
(720, 5, 40),
(720, 12, 80),
(720, 13, 107),
(720, 16, 160),
(720, 17, 214),
(721, 5, 55),
(721, 12, 110),
(721, 16, 220),
(722, 5, 105),
(722, 12, 175),
(722, 16, 355),
(723, 5, 105),
(723, 12, 175),
(723, 16, 355),
(724, 5, 45),
(724, 12, 90),
(724, 16, 180);

-- --------------------------------------------------------

--
-- Structure de la table `alcoholrange`
--

DROP TABLE IF EXISTS `alcoholrange`;
CREATE TABLE IF NOT EXISTS `alcoholrange` (
  `range_id` int(11) NOT NULL AUTO_INCREMENT,
  `name` varchar(255) DEFAULT NULL,
  PRIMARY KEY (`range_id`)
) ENGINE=MyISAM AUTO_INCREMENT=21 DEFAULT CHARSET=latin1;

--
-- Déchargement des données de la table `alcoholrange`
--

INSERT INTO `alcoholrange` (`range_id`, `name`) VALUES
(1, '50'),
(2, '60'),
(3, '90'),
(4, '100'),
(5, '180'),
(6, '200'),
(7, '275'),
(8, '325'),
(9, '330'),
(10, '350'),
(11, '355'),
(12, '375'),
(13, '500'),
(14, '650'),
(15, '700'),
(16, '750'),
(17, '1000'),
(18, '1500'),
(19, '2000'),
(20, '3000');

-- --------------------------------------------------------

--
-- Structure de la table `alcohol_cat_subcat`
--

DROP TABLE IF EXISTS `alcohol_cat_subcat`;
CREATE TABLE IF NOT EXISTS `alcohol_cat_subcat` (
  `alcohol_id` int(11) NOT NULL,
  `category_id` int(11) NOT NULL,
  `subcategory_id` int(11) NOT NULL,
  PRIMARY KEY (`alcohol_id`,`category_id`,`subcategory_id`),
  KEY `FK5pikvsbtrjuck75dw0fdv6gla` (`category_id`),
  KEY `FKphc0bm5qcpdvon27jh7r921gl` (`subcategory_id`)
) ENGINE=MyISAM DEFAULT CHARSET=latin1;

--
-- Déchargement des données de la table `alcohol_cat_subcat`
--

INSERT INTO `alcohol_cat_subcat` (`alcohol_id`, `category_id`, `subcategory_id`) VALUES
(1, 3, 6),
(2, 2, 6),
(3, 5, 6),
(4, 3, 6),
(5, 2, 6),
(6, 5, 6),
(7, 3, 6),
(8, 3, 6),
(9, 2, 6),
(10, 3, 6),
(11, 3, 6),
(12, 3, 6),
(13, 4, 6),
(14, 8, 3),
(15, 8, 4),
(16, 5, 6),
(17, 2, 6),
(18, 8, 4),
(19, 2, 6),
(20, 2, 6),
(21, 2, 6),
(22, 2, 6),
(23, 3, 6),
(24, 2, 6),
(25, 1, 2),
(26, 8, 4),
(27, 8, 3),
(28, 8, 3),
(29, 8, 4),
(30, 8, 5),
(31, 8, 3),
(32, 4, 6),
(33, 4, 6),
(34, 4, 6),
(35, 9, 6),
(36, 9, 6),
(37, 5, 6),
(38, 5, 6),
(39, 5, 6),
(40, 5, 6),
(41, 5, 6),
(42, 5, 6),
(43, 5, 6),
(44, 9, 6),
(45, 5, 6),
(46, 8, 4),
(47, 2, 6),
(48, 2, 6),
(49, 11, 6),
(50, 3, 6),
(51, 3, 6),
(52, 1, 2),
(53, 4, 6),
(54, 8, 3),
(55, 8, 4),
(56, 3, 6),
(57, 2, 6),
(58, 3, 6),
(59, 8, 4),
(60, 3, 6),
(61, 4, 6),
(62, 2, 6),
(63, 2, 6),
(64, 5, 6),
(65, 2, 6),
(66, 2, 6),
(67, 1, 2),
(68, 3, 6),
(69, 2, 6),
(70, 5, 6),
(71, 3, 6),
(72, 2, 6),
(73, 3, 6),
(74, 3, 6),
(75, 6, 6),
(76, 3, 6),
(77, 3, 6),
(78, 6, 6),
(79, 5, 6),
(80, 4, 6),
(81, 2, 6),
(82, 3, 6),
(83, 3, 6),
(84, 8, 6),
(85, 8, 4),
(86, 9, 6),
(87, 9, 6),
(88, 9, 6),
(89, 9, 6),
(90, 9, 6),
(91, 9, 6),
(92, 3, 6),
(93, 3, 6),
(94, 3, 6),
(95, 1, 1),
(96, 1, 1),
(97, 1, 2),
(98, 5, 6),
(99, 5, 6),
(100, 2, 6),
(101, 4, 6),
(102, 4, 6),
(103, 4, 6),
(104, 3, 6),
(105, 6, 6),
(106, 2, 6),
(107, 4, 6),
(108, 5, 6),
(109, 5, 6),
(110, 3, 6),
(111, 5, 6),
(112, 2, 6),
(113, 1, 1),
(114, 1, 1),
(115, 1, 2),
(116, 3, 6),
(117, 2, 6),
(118, 5, 6),
(119, 3, 6),
(120, 2, 6),
(121, 5, 6),
(122, 8, 3),
(123, 8, 4),
(124, 8, 4),
(125, 8, 4),
(126, 8, 4),
(127, 3, 6),
(128, 4, 6),
(129, 2, 6),
(130, 4, 6),
(131, 3, 6),
(132, 8, 6),
(133, 3, 6),
(134, 11, 6),
(135, 3, 6),
(136, 8, 4),
(137, 8, 4),
(138, 1, 6),
(139, 1, 1),
(140, 3, 6),
(141, 3, 6),
(142, 3, 6),
(143, 11, 6),
(144, 2, 6),
(145, 2, 6),
(146, 6, 6),
(147, 2, 6),
(148, 3, 6),
(149, 5, 6),
(150, 2, 6),
(151, 2, 6),
(152, 12, 6),
(153, 12, 6),
(154, 12, 6),
(155, 12, 6),
(156, 12, 6),
(157, 11, 6),
(158, 2, 6),
(159, 2, 6),
(160, 8, 3),
(161, 3, 6),
(162, 5, 6),
(163, 3, 6),
(164, 3, 6),
(165, 3, 6),
(166, 3, 6),
(167, 3, 6),
(168, 2, 6),
(169, 3, 6),
(170, 2, 6),
(171, 3, 6),
(172, 2, 6),
(173, 3, 6),
(174, 3, 6),
(175, 4, 6),
(176, 4, 6),
(177, 4, 6),
(178, 3, 6),
(179, 3, 6),
(180, 3, 6),
(181, 3, 6),
(182, 3, 6),
(183, 5, 6),
(184, 4, 6),
(185, 3, 6),
(186, 3, 6),
(187, 4, 6),
(188, 1, 1),
(189, 1, 1),
(190, 1, 1),
(191, 1, 2),
(192, 1, 2),
(193, 8, 5),
(194, 8, 4),
(195, 8, 3),
(196, 8, 3),
(197, 8, 4),
(198, 8, 4),
(199, 8, 4),
(200, 8, 4),
(201, 8, 4),
(202, 8, 3),
(203, 8, 3),
(204, 8, 3),
(205, 8, 4),
(206, 8, 4),
(207, 8, 4),
(208, 3, 6),
(209, 5, 6),
(210, 8, 4),
(211, 8, 3),
(212, 3, 6),
(213, 8, 3),
(214, 8, 4),
(215, 3, 6),
(216, 3, 6),
(217, 5, 6),
(218, 8, 4),
(219, 8, 4),
(220, 8, 4),
(221, 3, 6),
(222, 2, 6),
(223, 3, 6),
(224, 2, 6),
(225, 2, 6),
(226, 2, 6),
(227, 2, 6),
(228, 8, 6),
(229, 8, 6),
(230, 8, 3),
(231, 8, 6),
(232, 3, 6),
(233, 3, 6),
(234, 8, 6),
(235, 8, 6),
(236, 3, 6),
(237, 8, 6),
(238, 3, 6),
(239, 8, 6),
(240, 3, 6),
(241, 8, 6),
(242, 3, 6),
(243, 1, 6),
(244, 3, 6),
(245, 3, 6),
(246, 3, 6),
(247, 3, 6),
(248, 5, 6),
(249, 2, 6),
(250, 5, 6),
(251, 2, 6),
(252, 3, 6),
(253, 3, 6),
(254, 3, 6),
(255, 8, 4),
(256, 2, 6),
(257, 3, 6),
(258, 3, 6),
(259, 5, 6),
(260, 2, 6),
(261, 2, 6),
(262, 3, 6),
(263, 3, 6),
(264, 3, 6),
(265, 8, 6),
(266, 4, 6),
(267, 3, 6),
(268, 2, 6),
(269, 1, 2),
(270, 1, 2),
(271, 3, 6),
(272, 3, 6),
(273, 2, 6),
(274, 2, 6),
(275, 3, 6),
(276, 1, 1),
(277, 3, 6),
(278, 3, 6),
(279, 3, 6),
(280, 5, 6),
(281, 1, 2),
(282, 5, 6),
(283, 5, 6),
(284, 2, 6),
(285, 8, 6),
(286, 3, 6),
(287, 3, 6),
(288, 3, 6),
(289, 5, 6),
(290, 3, 6),
(291, 3, 6),
(292, 2, 6),
(293, 1, 2),
(294, 1, 2),
(295, 5, 6),
(296, 5, 6),
(297, 2, 6),
(298, 2, 6),
(299, 2, 6),
(300, 2, 6),
(301, 4, 6),
(302, 3, 6),
(303, 3, 6),
(304, 3, 6),
(305, 2, 6),
(306, 2, 6),
(307, 2, 6),
(308, 2, 6),
(309, 2, 6),
(310, 2, 6),
(311, 3, 6),
(312, 5, 6),
(313, 1, 2),
(314, 5, 6),
(315, 3, 6),
(316, 3, 6),
(317, 2, 6),
(318, 2, 6),
(319, 1, 6),
(320, 1, 6),
(321, 8, 3),
(322, 8, 4),
(323, 8, 5),
(324, 1, 1),
(325, 1, 1),
(326, 1, 1),
(327, 1, 2),
(328, 1, 2),
(329, 1, 2),
(330, 1, 1),
(331, 3, 6),
(332, 3, 6),
(333, 4, 6),
(334, 1, 2),
(335, 1, 2),
(336, 1, 2),
(337, 3, 6),
(338, 3, 6),
(339, 3, 6),
(340, 3, 6),
(341, 8, 4),
(342, 5, 6),
(343, 3, 6),
(344, 3, 6),
(345, 3, 6),
(346, 8, 6),
(347, 8, 6),
(348, 3, 6),
(349, 5, 6),
(350, 5, 6),
(351, 3, 6),
(352, 3, 6),
(353, 3, 6),
(354, 3, 6),
(355, 3, 6),
(356, 8, 4),
(357, 8, 3),
(358, 1, 6),
(359, 2, 6),
(360, 3, 6),
(361, 5, 6),
(362, 5, 6),
(363, 4, 6),
(364, 4, 6),
(365, 8, 4),
(366, 8, 4),
(367, 3, 6),
(368, 2, 6),
(369, 3, 6),
(370, 3, 6),
(371, 2, 6),
(372, 8, 6),
(373, 8, 6),
(374, 11, 6),
(375, 11, 6),
(376, 8, 6),
(377, 3, 6),
(378, 3, 6),
(379, 5, 6),
(380, 6, 6),
(381, 5, 6),
(382, 3, 6),
(383, 2, 6),
(384, 2, 6),
(385, 5, 6),
(386, 2, 6),
(387, 2, 6),
(388, 5, 6),
(389, 2, 6),
(390, 3, 6),
(391, 2, 6),
(392, 3, 6),
(393, 3, 6),
(394, 4, 6),
(395, 3, 6),
(396, 3, 6),
(397, 3, 6),
(398, 3, 6),
(399, 2, 6),
(400, 5, 6),
(401, 4, 6),
(402, 3, 6),
(403, 4, 6),
(404, 3, 6),
(405, 4, 6),
(406, 3, 6),
(407, 3, 6),
(408, 4, 6),
(409, 3, 6),
(410, 3, 6),
(411, 10, 6),
(412, 3, 6),
(413, 3, 6),
(414, 8, 4),
(415, 5, 6),
(416, 5, 6),
(417, 3, 6),
(418, 2, 6),
(419, 3, 6),
(420, 3, 6),
(421, 3, 6),
(422, 4, 6),
(423, 4, 6),
(424, 4, 6),
(425, 4, 6),
(426, 4, 6),
(427, 4, 6),
(428, 3, 6),
(429, 3, 6),
(430, 2, 6),
(431, 2, 6),
(432, 5, 6),
(433, 5, 6),
(434, 3, 6),
(435, 4, 6),
(436, 5, 6),
(437, 5, 6),
(438, 3, 6),
(439, 4, 6),
(440, 3, 6),
(441, 3, 6),
(442, 5, 6),
(443, 3, 6),
(444, 3, 6),
(445, 3, 6),
(446, 4, 6),
(447, 5, 6),
(448, 5, 6),
(449, 5, 6),
(450, 5, 6),
(451, 3, 6),
(452, 2, 6),
(453, 8, 6),
(454, 5, 6),
(455, 3, 6),
(456, 3, 6),
(457, 8, 4),
(458, 3, 6),
(459, 5, 6),
(460, 1, 2),
(461, 3, 6),
(462, 7, 6),
(463, 2, 6),
(464, 3, 6),
(465, 4, 6),
(466, 10, 6),
(467, 4, 6),
(468, 4, 6),
(469, 4, 6),
(470, 4, 6),
(471, 4, 6),
(472, 4, 6),
(473, 3, 6),
(474, 8, 6),
(475, 8, 6),
(476, 8, 6),
(477, 1, 2),
(478, 3, 6),
(479, 3, 6),
(480, 3, 6),
(481, 3, 6),
(482, 4, 6),
(483, 4, 6),
(484, 4, 6),
(485, 4, 6),
(486, 4, 6),
(487, 4, 6),
(488, 3, 6),
(489, 5, 6),
(490, 2, 6),
(491, 2, 6),
(492, 3, 6),
(493, 3, 6),
(494, 3, 6),
(495, 3, 6),
(496, 7, 6),
(497, 7, 6),
(498, 2, 6),
(499, 2, 6),
(500, 8, 4),
(501, 3, 6),
(502, 3, 6),
(503, 2, 6),
(504, 5, 6),
(505, 2, 6),
(506, 2, 6),
(507, 3, 6),
(508, 3, 6),
(509, 2, 6),
(510, 3, 6),
(511, 3, 6),
(512, 3, 6),
(513, 3, 6),
(514, 8, 4),
(515, 8, 4),
(516, 3, 6),
(517, 4, 6),
(518, 4, 6),
(519, 4, 6),
(520, 4, 6),
(521, 4, 6),
(522, 4, 6),
(523, 8, 4),
(524, 2, 6),
(525, 5, 6),
(526, 3, 6),
(527, 3, 6),
(528, 2, 6),
(529, 1, 1),
(530, 1, 1),
(531, 1, 2),
(532, 2, 6),
(533, 3, 6),
(534, 3, 6),
(535, 3, 6),
(536, 8, 6),
(537, 8, 6),
(538, 3, 6),
(539, 2, 6),
(540, 2, 6),
(541, 5, 6),
(542, 2, 6),
(543, 3, 6),
(544, 3, 6),
(545, 3, 6),
(546, 3, 6),
(547, 3, 6),
(548, 3, 6),
(549, 3, 6),
(550, 8, 6),
(551, 3, 6),
(552, 8, 4),
(553, 8, 3),
(554, 11, 6),
(555, 8, 3),
(556, 8, 4),
(557, 7, 6),
(558, 2, 6),
(559, 2, 6),
(560, 2, 6),
(561, 4, 6),
(562, 4, 6),
(563, 4, 6),
(564, 2, 6),
(565, 8, 4),
(566, 8, 3),
(567, 8, 3),
(568, 8, 4),
(569, 8, 5),
(570, 2, 6),
(571, 2, 6),
(572, 3, 6),
(573, 8, 3),
(574, 2, 6),
(575, 4, 6),
(576, 4, 6),
(577, 4, 6),
(578, 2, 6),
(579, 2, 6),
(580, 2, 6),
(581, 4, 6),
(582, 4, 6),
(583, 4, 6),
(584, 4, 6),
(585, 4, 6),
(586, 4, 6),
(587, 4, 6),
(588, 4, 6),
(589, 4, 6),
(590, 4, 6),
(591, 4, 6),
(592, 4, 6),
(593, 4, 6),
(594, 2, 6),
(595, 1, 2),
(596, 4, 6),
(597, 3, 6),
(598, 3, 6),
(599, 3, 6),
(600, 3, 6),
(601, 3, 6),
(602, 8, 5),
(603, 10, 6),
(604, 8, 4),
(605, 8, 3),
(606, 8, 4),
(607, 8, 4),
(608, 8, 4),
(609, 8, 3),
(610, 3, 6),
(611, 3, 6),
(612, 3, 6),
(613, 2, 6),
(614, 5, 6),
(615, 2, 6),
(616, 2, 6),
(617, 2, 6),
(618, 3, 6),
(619, 5, 6),
(620, 1, 2),
(621, 7, 6),
(622, 7, 6),
(623, 12, 6),
(624, 12, 6),
(625, 12, 6),
(626, 12, 6),
(627, 12, 6),
(628, 3, 6),
(629, 3, 6),
(630, 3, 6),
(631, 1, 2),
(632, 1, 2),
(633, 2, 6),
(634, 2, 6),
(635, 3, 6),
(636, 6, 6),
(637, 12, 6),
(638, 12, 6),
(639, 12, 6),
(640, 12, 6),
(641, 8, 4),
(642, 7, 6),
(643, 8, 3),
(644, 8, 3),
(645, 8, 4),
(646, 3, 6),
(647, 3, 6),
(648, 2, 6),
(649, 2, 6),
(650, 5, 6),
(651, 3, 6),
(652, 3, 6),
(653, 5, 6),
(654, 3, 6),
(655, 3, 6),
(656, 3, 6),
(657, 11, 6),
(658, 3, 6),
(659, 1, 1),
(660, 1, 2),
(661, 3, 6),
(662, 8, 3),
(663, 8, 4),
(664, 8, 4),
(665, 8, 4),
(666, 8, 4),
(667, 2, 6),
(668, 3, 6),
(669, 8, 3),
(670, 10, 6),
(671, 8, 3),
(672, 3, 6),
(673, 2, 6),
(674, 3, 6),
(675, 3, 6),
(676, 3, 6),
(677, 8, 6),
(678, 3, 6),
(679, 2, 6),
(680, 5, 6),
(681, 8, 4),
(682, 3, 6),
(683, 8, 6),
(684, 6, 6),
(685, 4, 6),
(686, 4, 6),
(687, 5, 6),
(688, 5, 6),
(689, 3, 6),
(690, 8, 4),
(691, 8, 6),
(692, 8, 3),
(693, 8, 4),
(694, 8, 3),
(695, 8, 4),
(696, 8, 3),
(697, 8, 4),
(698, 8, 6),
(699, 4, 6),
(700, 4, 6),
(701, 4, 6),
(702, 4, 6),
(703, 11, 6),
(704, 1, 2),
(705, 3, 6),
(706, 3, 6),
(707, 3, 6),
(708, 2, 6),
(709, 3, 6),
(710, 4, 6),
(711, 3, 6),
(712, 2, 6),
(713, 2, 6),
(714, 2, 6),
(715, 3, 6),
(716, 4, 6),
(717, 4, 6),
(718, 4, 6),
(719, 4, 6),
(720, 2, 6),
(721, 8, 6),
(722, 8, 4),
(723, 8, 3),
(724, 8, 6);

-- --------------------------------------------------------

--
-- Structure de la table `availability`
--

DROP TABLE IF EXISTS `availability`;
CREATE TABLE IF NOT EXISTS `availability` (
  `alcohol_id` int(11) NOT NULL,
  `alcoholrange_id` int(11) NOT NULL,
  `place_id` int(11) NOT NULL,
  `price` int(11) DEFAULT NULL,
  PRIMARY KEY (`alcohol_id`,`alcoholrange_id`,`place_id`),
  KEY `FK5gxoel5rs4td5gfyd1f88504r` (`alcoholrange_id`),
  KEY `FKc852k4jxcivioy6akluyv8yrl` (`place_id`)
) ENGINE=MyISAM DEFAULT CHARSET=latin1;

--
-- Déchargement des données de la table `availability`
--

INSERT INTO `availability` (`alcohol_id`, `alcoholrange_id`, `place_id`, `price`) VALUES
(1, 1, 1, 10),
(4, 1, 1, 100);

-- --------------------------------------------------------

--
-- Structure de la table `brand`
--

DROP TABLE IF EXISTS `brand`;
CREATE TABLE IF NOT EXISTS `brand` (
  `brand_id` int(11) NOT NULL AUTO_INCREMENT,
  `name` varchar(255) DEFAULT NULL,
  PRIMARY KEY (`brand_id`)
) ENGINE=MyISAM AUTO_INCREMENT=386 DEFAULT CHARSET=latin1;

--
-- Déchargement des données de la table `brand`
--

INSERT INTO `brand` (`brand_id`, `name`) VALUES
(1, '0 Hour'),
(2, '1 UP'),
(3, '2 Barrels'),
(4, '3 COINS'),
(5, '8 PM'),
(6, 'AC'),
(7, 'Activator'),
(8, 'African Horizon'),
(9, 'African'),
(10, 'After Dark'),
(11, 'Allegrini Valpolicella'),
(12, 'Amarula'),
(13, 'Antiquity'),
(14, 'Aristocrat'),
(15, 'Armstrong'),
(16, 'Art Collection'),
(17, 'Artic'),
(18, 'Bacardi'),
(19, 'Bagaloni'),
(20, 'Bagpiper'),
(21, 'Baileys'),
(22, 'Bejois'),
(23, 'Bel Alix'),
(24, 'Bell Bird'),
(25, 'Belvadere'),
(26, 'Big Banyan'),
(27, 'Binnies'),
(28, 'Bio'),
(29, 'Black & White'),
(30, 'Black Beard'),
(31, 'Black Dog'),
(32, 'Black Eagle '),
(33, 'Black'),
(34, 'Black Knight'),
(35, 'Black Label'),
(36, 'Blue'),
(37, 'Blue Knight'),
(38, 'Bols'),
(39, 'Bombay'),
(40, 'Bombay Sapphire'),
(41, 'Bonjour'),
(42, 'Boost'),
(43, 'Bootz'),
(44, 'Boss'),
(45, 'Bosski'),
(46, 'Botss Wana Vin'),
(47, 'Brihans'),
(48, 'British Empire'),
(49, 'Brunel'),
(50, 'Budweiser'),
(51, 'Bull Head'),
(52, 'Cabo'),
(53, 'Caol Ila'),
(54, 'Capricorn'),
(55, 'Captain Morgan'),
(56, 'Cardhu'),
(57, 'Carlsberg'),
(58, 'Chairman'),
(59, 'Charminar'),
(60, 'Chateau Bouscaillous'),
(61, 'Chateau De Fontenile'),
(62, 'Chateau De Los'),
(63, 'Chateau Ste.Michelle'),
(64, 'Chevalier'),
(65, 'Ciroc'),
(66, 'Clan Murray'),
(67, 'Class 21'),
(68, 'Clovis'),
(69, 'Club 99 '),
(70, 'Cocks'),
(71, 'Cointreau'),
(72, 'Colonial'),
(73, 'Columbia Crest'),
(74, 'Conosur'),
(75, 'Corona'),
(76, 'Courrier Napoleon'),
(77, 'Cox'),
(78, 'Crown Of Crowns'),
(79, 'Curacao Bleu'),
(80, 'Dalmore'),
(81, 'Delight'),
(82, 'Democrat'),
(83, 'Demond'),
(84, 'Desmondji'),
(85, 'Dewars'),
(86, 'Dia'),
(87, 'Diamond Cup'),
(88, 'Directors Club'),
(89, 'Doctor Choice'),
(90, 'Doctors 5 Star '),
(91, 'Doctors Choicest'),
(92, 'Double Deer'),
(93, 'Dream Riders'),
(94, 'Dsp Black'),
(95, 'Duchess'),
(96, 'Dupleix'),
(97, 'Edward'),
(98, 'Ensign'),
(99, 'Eristoff'),
(100, 'Especial'),
(101, 'Executive'),
(102, 'Extra No.1 '),
(103, 'Falcon'),
(104, 'Fancy'),
(105, 'Farm House'),
(106, 'Fauconnier'),
(107, 'Finlandia'),
(108, 'Fosters'),
(109, 'Four Seasons'),
(110, 'Francis Coppola'),
(111, 'Fratelli'),
(112, 'Freedom'),
(113, 'French Roots'),
(114, 'French'),
(115, 'G&B 6EME'),
(116, 'G.D'),
(117, 'Galaxy'),
(118, 'Gato Negro'),
(119, 'Gilles De France'),
(120, 'Glencos'),
(121, 'Glenfiddich'),
(122, 'Glenkinchie'),
(123, 'Glenmorangie'),
(124, 'Globus'),
(125, 'Goa'),
(126, 'Goan Marvel'),
(127, 'Goan Valley'),
(128, 'Golconda'),
(129, 'Gold Finger'),
(130, 'Gold Mile'),
(131, 'Gold'),
(132, 'Golden Eagle'),
(133, 'Golden'),
(134, 'Golden Laurel'),
(135, 'Golden Leaf'),
(136, 'Golden Star'),
(137, 'Golden Touch'),
(138, 'Grand Invitation'),
(139, 'Grand Pierre'),
(140, 'Granduer '),
(141, 'Grants'),
(142, 'Grape Leaf'),
(143, 'Green Channel'),
(144, 'Green Classic'),
(145, 'Green Leaf'),
(146, 'Green Magic'),
(147, 'Green Signal'),
(148, 'Green Valley'),
(149, 'Grey Goose '),
(150, 'Gwalior'),
(151, 'Haig'),
(152, 'Haywards'),
(153, 'Heineken'),
(154, 'Hennessey'),
(155, 'Hercules'),
(156, 'Hero No.1 '),
(157, 'Hill'),
(158, 'Hobsons'),
(159, 'Honey Bee'),
(160, 'Honey Falls'),
(161, 'Honey Well'),
(162, 'Hotspot'),
(163, 'House Of Common'),
(164, 'Hunter'),
(165, 'Imperial Crown'),
(166, 'Isle Of Jura'),
(167, 'J & B'),
(168, 'Jack Daniel'),
(169, 'Jazz'),
(170, 'Jean Louis'),
(171, 'Jeffries'),
(172, 'Jim Beam'),
(173, 'Johnnie Walker'),
(174, 'Joie De Franc'),
(175, 'K.s'),
(176, 'Kalyani'),
(177, 'Kerala'),
(178, 'King Charles'),
(179, 'King Robert Ii'),
(180, 'Kingfisher'),
(181, 'Kingmaker'),
(182, 'Kings'),
(183, 'Knight Rider'),
(184, 'Knockout'),
(185, 'Konark'),
(186, 'Koroby'),
(187, 'La Crown'),
(188, 'La Reserve'),
(189, 'Lbw '),
(190, 'Le Conaque '),
(191, 'Le Roi'),
(192, 'Le Vdp Cite De'),
(193, 'Leo'),
(194, 'London Port'),
(195, 'Lord & Master'),
(196, 'Louis Xi'),
(197, 'Luxury Diamond'),
(198, 'Mac Millan'),
(199, 'Madera Nashik Valley'),
(200, 'Madras Pilsner'),
(201, 'Magic'),
(202, 'Magic Moments'),
(203, 'Maison Louis Jadot'),
(204, 'Majestic'),
(205, 'Malabar'),
(206, 'Mansion House '),
(207, 'Marc'),
(208, 'Marchesi De Frescobald'),
(209, 'Marma Goa'),
(210, 'Martini'),
(211, 'Mbs'),
(212, 'Mc Millan'),
(213, 'Mcdowells'),
(214, 'Mens Choice'),
(215, 'Meridian'),
(216, 'Merlion'),
(217, 'Metaxa'),
(218, 'Metro'),
(219, 'MGM'),
(220, 'MH'),
(221, 'Moet'),
(222, 'Mont Castle'),
(223, 'Morpheus'),
(224, 'Mosolo Gleni'),
(225, 'Mount Gay'),
(226, 'Mounts'),
(227, 'Mr.king'),
(228, 'Mysore Lancer'),
(229, 'Napoleon'),
(230, 'Napoleons French Salute'),
(231, 'Nesara'),
(232, 'New Magic Moments'),
(233, 'Nicer'),
(234, 'Nicols Black & Gold'),
(235, 'Nicols'),
(236, 'Obikwa'),
(237, 'Ocean Blue'),
(238, 'Old & Gold'),
(239, 'Old Admiral'),
(240, 'Old Marc '),
(241, 'Old Monk'),
(242, 'Old Napoleon'),
(243, 'Old Oak'),
(244, 'Olympus'),
(245, 'Once More'),
(246, 'Opera'),
(247, 'Original Choice '),
(248, 'P Aoc Cabardes '),
(249, 'Palace'),
(250, 'Palone'),
(251, 'Paris Pride '),
(252, 'Pepe Lopez '),
(253, 'Peter Scot'),
(254, 'Philips'),
(255, 'Pinky'),
(256, 'Piper Heidsieck'),
(257, 'Platinum Romanov'),
(258, 'Polo No.1 '),
(259, 'Port 69'),
(260, 'Port Wine 1000'),
(261, 'Power 10000'),
(262, 'Premier 555'),
(263, 'Premier Doctors'),
(264, 'Premier Grape Leaf'),
(265, 'Premier'),
(266, 'Prime'),
(267, 'Punch Fine'),
(268, 'Queens Club'),
(269, 'Radico'),
(270, 'Ranchero Premium'),
(271, 'Ranchitos'),
(272, 'Real Choice'),
(273, 'Red Knight'),
(274, 'Red Magic'),
(275, 'Red Rose'),
(276, 'Red Sun'),
(277, 'Red Tape'),
(278, 'Regalien Dictat'),
(279, 'Remo'),
(280, 'Remy Martin'),
(281, 'Renoir '),
(282, 'Riunite Lambrusco'),
(283, 'Revo'),
(284, 'Ricky Martien'),
(285, 'RKDLS'),
(286, 'Roberto Cavalli '),
(287, 'Romanov'),
(288, 'Rose Berry'),
(289, 'Rowsons'),
(290, 'Royal Army'),
(291, 'Royal Castle'),
(292, 'Royal Challenge'),
(293, 'Royal Chieftain'),
(294, 'Royal Choice'),
(295, 'Royal Crest'),
(296, 'Royal Goa'),
(297, 'Royal Goans'),
(298, 'Royal Gold Club'),
(299, 'Royal Gold Cup'),
(300, 'Royal Gold Seal'),
(301, 'Royal Jelly'),
(302, 'Royal Jet'),
(303, 'Royal Martin'),
(304, 'Royal Musk'),
(305, 'Royal Trophy'),
(306, 'Royal'),
(307, 'Ruby'),
(308, 'Sailors'),
(309, 'Samara'),
(310, 'Sambucca'),
(311, 'Sante'),
(312, 'Sauza'),
(313, 'Seagrams'),
(314, 'Select Doctor'),
(315, 'Selvino'),
(316, 'Seven Islands'),
(317, 'Shark Tooth'),
(318, 'Signature'),
(319, 'Skyy'),
(320, 'Smirnoff'),
(321, 'Snj No.1 '),
(322, 'Solan No.1'),
(323, 'Sovereign '),
(324, 'Spark'),
(325, 'Special Appointment'),
(326, 'Special'),
(327, 'St.Remy'),
(328, 'Sula'),
(329, 'Super 6'),
(330, 'Super Gold'),
(331, 'Taj Mahal'),
(332, 'Talisker'),
(333, 'Tarzan'),
(334, 'Teachers'),
(335, 'Tee Vee '),
(336, 'Tennents'),
(337, 'Camino Real'),
(338, 'Don Angel'),
(339, 'Test Brand'),
(340, 'The 1st Choice '),
(341, 'The Auto Cycle'),
(342, 'The Message '),
(343, 'The Original Haywards'),
(344, 'The Queens Sea'),
(345, 'The Rockford Reserve'),
(346, 'The Warehouse '),
(347, 'Three Peaks'),
(348, 'TI'),
(349, 'Tiffanis'),
(350, 'Tiger'),
(351, 'Top 10'),
(352, 'Triple Crown'),
(353, 'Triple Sec Liqueur'),
(354, 'Tropicana'),
(355, 'Tuborg'),
(356, 'Twenty 20 '),
(357, 'Two Oceans'),
(358, 'Vasco Da Gama'),
(359, 'VAT 69'),
(360, 'Vega'),
(361, 'Vermouth'),
(362, 'Veuve Clicquot'),
(363, 'Villa Maria Private Bin'),
(364, 'Vin'),
(365, 'Vinbros'),
(366, 'Vinee'),
(367, 'Vinicola'),
(368, 'Vinsura'),
(369, 'Vintage'),
(370, 'Vladivar'),
(371, 'Voodoo'),
(372, 'Vorion'),
(373, 'Vsop Bonafide'),
(374, 'Vsop Honey Drops'),
(375, 'Vsop Premier'),
(376, 'Wellington'),
(377, 'White Mischief'),
(378, 'Whitefield'),
(379, 'Whyte & Mackay'),
(380, 'Winner Doctor '),
(381, 'Wodka Gorbatschow'),
(382, 'World Cup'),
(383, 'Zeally '),
(384, 'Zinzi'),
(385, 'Zuari');

-- --------------------------------------------------------

--
-- Structure de la table `category`
--

DROP TABLE IF EXISTS `category`;
CREATE TABLE IF NOT EXISTS `category` (
  `category_id` int(11) NOT NULL AUTO_INCREMENT,
  `name` varchar(255) DEFAULT NULL,
  PRIMARY KEY (`category_id`)
) ENGINE=MyISAM AUTO_INCREMENT=13 DEFAULT CHARSET=latin1;

--
-- Déchargement des données de la table `category`
--

INSERT INTO `category` (`category_id`, `name`) VALUES
(1, 'Beer'),
(2, 'Whiskey'),
(3, 'Brandy'),
(4, 'Vodka'),
(5, 'Rum'),
(6, 'Gin'),
(7, 'Tequila'),
(8, 'Wine'),
(9, 'Breezer'),
(10, 'Champagne'),
(11, 'Liqueur'),
(12, 'Other');

-- --------------------------------------------------------

--
-- Structure de la table `dryday`
--

DROP TABLE IF EXISTS `dryday`;
CREATE TABLE IF NOT EXISTS `dryday` (
  `dryday_id` int(11) NOT NULL AUTO_INCREMENT,
  `date` varchar(255) DEFAULT NULL,
  `name` varchar(255) DEFAULT NULL,
  PRIMARY KEY (`dryday_id`)
) ENGINE=MyISAM AUTO_INCREMENT=34 DEFAULT CHARSET=latin1;

--
-- Déchargement des données de la table `dryday`
--

INSERT INTO `dryday` (`dryday_id`, `date`, `name`) VALUES
(1, 'January 14', 'Makar Sankranti'),
(2, 'January 21', 'Guru Ravidas Jayanti'),
(3, 'January 26', 'Republic Day'),
(4, 'January 30', 'Death anniversary of Mahatma Gandhi\r\n'),
(5, 'February 10', 'Swami Dayanand Saraswati Jayanti'),
(6, 'February 13', 'Maha Shivratri'),
(7, 'March 2', 'Holi'),
(8, 'March 4', 'Chhatrapati Shivaji Maharaj Jayanti (in Maharashtra)'),
(9, 'March 25', 'Ram Navami'),
(10, 'March 29', 'Mahavir Jayanti'),
(11, 'March 30', 'Good Friday, Dr Ambedkar Jayanti\r\n'),
(12, 'April 30', 'Buddha Purina'),
(13, 'May 1', 'Maharashtra Day'),
(14, 'June 14', 'Eid Ul Fitr'),
(15, 'June 15', 'Eid Ul Fitr'),
(16, 'July 23', 'Ashadi Ekadashi '),
(17, 'July 27', 'Guru Purnima'),
(18, 'August 15', 'Independence Day'),
(19, 'August 21', 'Bakrid'),
(20, 'August 26', 'Raksha Bandhan'),
(21, 'September 2', 'Janmashtami'),
(22, 'September 13', 'Ganesh Chaturthi'),
(23, 'September 21', 'Muharram'),
(24, 'September 23', 'Ganesh Visarjan'),
(25, 'October 2', 'Mahatma Jayanti'),
(26, 'October 8:', 'Prohibition Week '),
(27, 'October 19', 'Dussehra'),
(28, 'October 24', 'Valmiki Jayanti'),
(29, 'November 7', 'Diwali'),
(30, 'November 21', 'Id-e-Milad'),
(31, 'November 23', 'Guru Nanak Jayanti'),
(32, 'November 24', 'Martyrdom of Guru Tegh Bahadur'),
(33, 'December 25', 'Christmas, Guru Purab');

-- --------------------------------------------------------

--
-- Structure de la table `outlet`
--

DROP TABLE IF EXISTS `outlet`;
CREATE TABLE IF NOT EXISTS `outlet` (
  `outlet_id` int(11) NOT NULL AUTO_INCREMENT,
  `address` varchar(500) NOT NULL,
  `latitude` float NOT NULL,
  `longitude` float NOT NULL,
  `name` varchar(500) NOT NULL,
  PRIMARY KEY (`outlet_id`)
) ENGINE=MyISAM DEFAULT CHARSET=latin1;

-- --------------------------------------------------------

--
-- Structure de la table `place`
--

DROP TABLE IF EXISTS `place`;
CREATE TABLE IF NOT EXISTS `place` (
  `place_id` int(11) NOT NULL AUTO_INCREMENT,
  `address` varchar(255) DEFAULT NULL,
  `latitude` double NOT NULL,
  `longitude` double NOT NULL,
  `name` varchar(255) DEFAULT NULL,
  PRIMARY KEY (`place_id`)
) ENGINE=MyISAM AUTO_INCREMENT=4 DEFAULT CHARSET=latin1;

--
-- Déchargement des données de la table `place`
--

INSERT INTO `place` (`place_id`, `address`, `latitude`, `longitude`, `name`) VALUES
(1, 'address test', 33.993804, -6.736811, 'place test');

-- --------------------------------------------------------

--
-- Structure de la table `subcategory`
--

DROP TABLE IF EXISTS `subcategory`;
CREATE TABLE IF NOT EXISTS `subcategory` (
  `sub_category_id` int(11) NOT NULL AUTO_INCREMENT,
  `name` varchar(255) DEFAULT NULL,
  PRIMARY KEY (`sub_category_id`)
) ENGINE=MyISAM AUTO_INCREMENT=7 DEFAULT CHARSET=latin1;

--
-- Déchargement des données de la table `subcategory`
--

INSERT INTO `subcategory` (`sub_category_id`, `name`) VALUES
(1, 'Lager'),
(2, 'Strong'),
(3, 'White'),
(4, 'Red'),
(5, 'Rose'),
(6, 'None');
COMMIT;

/*!40101 SET CHARACTER_SET_CLIENT=@OLD_CHARACTER_SET_CLIENT */;
/*!40101 SET CHARACTER_SET_RESULTS=@OLD_CHARACTER_SET_RESULTS */;
/*!40101 SET COLLATION_CONNECTION=@OLD_COLLATION_CONNECTION */;
